Workbook

Sheet Both_Shift_Roster
G1: ="Wk-"&WEEKNUM(DAY(G2)) -> Wk-1 | H1: ="Wk-"&WEEKNUM(DAY(H2)) -> Wk-1 | I1: ="Wk-"&WEEKNUM(DAY(I2)) -> Wk-1 | J1: ="Wk-"&WEEKNUM(DAY(J2)) -> Wk-1 | K1: ="Wk-"&WEEKNUM(DAY(K2)) -> Wk-1 | L1: ="Wk-"&WEEKNUM(DAY(L2)) -> Wk-1 | M1: ="Wk-"&WEEKNUM(DAY(M2)) -> Wk-1 | S1: ="Wk-"&WEEKNUM(DAY(S2)) -> Wk-2 | T1: ="Wk-"&WEEKNUM(DAY(T2)) -> Wk-2 | U1: ="Wk-"&WEEKNUM(DAY(U2)) -> Wk-2 | V1: ="Wk-"&WEEKNUM(DAY(V2)) -> Wk-2 | W1: ="Wk-"&WEEKNUM(DAY(W2)) -> Wk-2 | X1: ="Wk-"&WEEKNUM(DAY(X2)) -> Wk-2 | Y1: ="Wk-"&WEEKNUM(DAY(Y2)) -> Wk-2 | AE1: ="Wk-"&WEEKNUM(DAY(AE2)) -> Wk-3 | AF1: ="Wk-"&WEEKNUM(DAY(AF2)) -> Wk-3 | AG1: ="Wk-"&WEEKNUM(DAY(AG2)) -> Wk-3 | AH1: ="Wk-"&WEEKNUM(DAY(AH2)) -> Wk-3 | AI1: ="Wk-"&WEEKNUM(DAY(AI2)) -> Wk-3 | AJ1: ="Wk-"&WEEKNUM(DAY(AJ2)) -> Wk-3 | AK1: ="Wk-"&WEEKNUM(DAY(AK2)) -> Wk-3 | AQ1: ="Wk-"&WEEKNUM(DAY(AQ2)) -> Wk-4 | AR1: ="Wk-"&WEEKNUM(DAY(AR2)) -> Wk-4 | AS1: ="Wk-"&WEEKNUM(DAY(AS2)) -> Wk-4 | AT1: ="Wk-"&WEEKNUM(DAY(AT2)) -> Wk-4 | AU1: ="Wk-"&WEEKNUM(DAY(AU2)) -> Wk-4 | AV1: ="Wk-"&WEEKNUM(DAY(AV2)) -> Wk-4 | AW1: ="Wk-"&WEEKNUM(DAY(AW2)) -> Wk-4 | BC1: ="Wk-"&WEEKNUM(DAY(BC2)) -> Wk-5 | BD1: ="Wk-"&WEEKNUM(DAY(BD2)) -> Wk-5 | BE1: ="Wk-"&WEEKNUM(DAY(BE2)) -> Wk-1
B2: Agent id | C2: Agent Name | D2: TL Name | E2: Gender | F2: Campaign | G2: 46266 | H2: =G2+1 -> 46267 | I2: =H2+1 -> 46268 | J2: =I2+1 -> 46269 | K2: =J2+1 -> 46270 | L2: =K2+1 -> 46271 | M2: =L2+1 -> 46272 | N2: Wk -1 | S2: =M2+1 -> 46273 | T2: =S2+1 -> 46274 | U2: =T2+1 -> 46275 | V2: =U2+1 -> 46276 | W2: =V2+1 -> 46277 | X2: =W2+1 -> 46278 | Y2: =X2+1 -> 46279 | Z2: Wk -2 | AE2: =Y2+1 -> 46280 | AF2: =AE2+1 -> 46281 | AG2: =AF2+1 -> 46282 | AH2: =AG2+1 -> 46283 | AI2: =AH2+1 -> 46284 | AJ2: =AI2+1 -> 46285 | AK2: =AJ2+1 -> 46286 | AL2: Wk -3 | AQ2: =AK2+1 -> 46287 | AR2: =AQ2+1 -> 46288 | AS2: =AR2+1 -> 46289 | AT2: =AS2+1 -> 46290 | AU2: =AT2+1 -> 46291 | AV2: =AU2+1 -> 46292 | AW2: =AV2+1 -> 46293 | AX2: Wk -4 | BC2: =AW2+1 -> 46294 | BD2: =BC2+1 -> 46295 | BE2: =BD2+1 -> 46296 | BF2: Wk -5
G3: =UPPER(TEXT(G2,"ddd")) -> TUE | H3: =UPPER(TEXT(H2,"ddd")) -> WED | I3: =UPPER(TEXT(I2,"ddd")) -> THU | J3: =UPPER(TEXT(J2,"ddd")) -> FRI | K3: =UPPER(TEXT(K2,"ddd")) -> SAT | L3: =UPPER(TEXT(L2,"ddd")) -> SUN | M3: =UPPER(TEXT(M2,"ddd")) -> MON | N3: Agent Choice WO | O3: TL Choice WO | P3: CL | Q3: HD | R3: LP | S3: =UPPER(TEXT(S2,"ddd")) -> TUE | T3: =UPPER(TEXT(T2,"ddd")) -> WED | U3: =UPPER(TEXT(U2,"ddd")) -> THU | V3: =UPPER(TEXT(V2,"ddd")) -> FRI | W3: =UPPER(TEXT(W2,"ddd")) -> SAT | X3: =UPPER(TEXT(X2,"ddd")) -> SUN | Y3: =UPPER(TEXT(Y2,"ddd")) -> MON | Z3: Agent Choice WO | AA3: TL Choice WO | AB3: CL | AC3: HD | AD3: LP | AE3: =UPPER(TEXT(AE2,"ddd")) -> TUE | AF3: =UPPER(TEXT(AF2,"ddd")) -> WED | AG3: =UPPER(TEXT(AG2,"ddd")) -> THU | AH3: =UPPER(TEXT(AH2,"ddd")) -> FRI | AI3: =UPPER(TEXT(AI2,"ddd")) -> SAT | AJ3: =UPPER(TEXT(AJ2,"ddd")) -> SUN | AK3: =UPPER(TEXT(AK2,"ddd")) -> MON | AL3: Agent Choice WO | AM3: TL Choice WO | AN3: CL | AO3: HD | AP3: LP | AQ3: =UPPER(TEXT(AQ2,"ddd")) -> TUE | AR3: =UPPER(TEXT(AR2,"ddd")) -> WED | AS3: =UPPER(TEXT(AS2,"ddd")) -> THU | AT3: =UPPER(TEXT(AT2,"ddd")) -> FRI | AU3: =UPPER(TEXT(AU2,"ddd")) -> SAT | AV3: =UPPER(TEXT(AV2,"ddd")) -> SUN | AW3: =UPPER(TEXT(AW2,"ddd")) -> MON | AX3: Agent Choice WO | AY3: TL Choice WO | AZ3: CL | BA3: HD | BB3: LP | BC3: =UPPER(TEXT(BC2,"ddd")) -> TUE | BD3: =UPPER(TEXT(BD2,"ddd")) -> WED | BE3: =UPPER(TEXT(BE2,"ddd")) -> THU | BF3: Agent Choice WO | BG3: TL Choice WO | BH3: CL | BI3: HD | BJ3: LP
A4: 1 | B4: =Morning_Shift!$B4 -> Dritm65 | C4: =IF(IFERROR(VLOOKUP(B4,Morning_Shift!B:C,2,0),"")="",IFERROR(VLOOKUP(B4,Evening_Shift!B:C,2,0),""),IFERROR(VLOOKUP(B4,Morning_Shift!B:C,2,0),"")) -> Aarti | D4: =IF(IFERROR(VLOOKUP(B4,Morning_Shift!B:D,3,0),"")="",IFERROR(VLOOKUP(B4,Evening_Shift!B:D,3,0),""),IFERROR(VLOOKUP(B4,Morning_Shift!B:D,3,0),"")) -> Naina | E4: =IF(IFERROR(VLOOKUP(B4,Morning_Shift!B:E,4,0),"")="",IFERROR(VLOOKUP(B4,Evening_Shift!B:E,4,0),""),IFERROR(VLOOKUP(B4,Morning_Shift!B:E,4,0),"")) -> F | F4: =IF(IFERROR(VLOOKUP(B4,Morning_Shift!B:F,5,0),"")="",IFERROR(VLOOKUP(B4,Evening_Shift!B:F,5,0),""),IFERROR(VLOOKUP(B4,Morning_Shift!B:F,5,0),"")) -> Inbound | G4: =IF(IFERROR(VLOOKUP($B4,Morning_Shift!$B$4:$BJ$61,MATCH(Both_Shift_Roster!G$2,Morning_Shift!$B$2:$BJ$2,0),0),"")="",IFERROR(VLOOKUP($B4,Evening_Shift!$B$4:$BJ$62,MATCH(Both_Shift_Roster!G$2,Evening_Shift!$B$2:$BJ$2,0),0),""),IFERROR(VLOOKUP($B4,Morning_Shift!$B$4:$BJ$61,MATCH(Both_Shift_Roster!G$2,Morning_Shift!$B$2:$BJ$2,0),0),"")) -> 7:00-14:30 | H4: =IF(IFERROR(VLOOKUP($B4,Morning_Shift!$B$4:$BJ$61,MATCH(Both_Shift_Roster!H$2,Morning_Shift!$B$2:$BJ$2,0),0),"")="",IFERROR(VLOOKUP($B4,Evening_Shift!$B$4:$BJ$62,MATCH(Both_Shift_Roster!H$2,Evening_Shift!$B$2:$BJ$2,0),0),""),IFERROR(VLOOKUP($B4,Morning_Shift!$B$4:$BJ$61,MATCH(Both_Shift_Roster!H$2,Morning_Shift!$B$2:$BJ$2,0),0),"")) -> 7:00-14:30 | I4: =IF(IFERROR(VLOOKUP($B4,Morning_Shift!$B$4:$BJ$61,MATCH(Both_Shift_Roster!I$2,Morning_Shift!$B$2:$BJ$2,0),0),"")="",IFERROR(VLOOKUP($B4,Evening_Shift!$B$4:$BJ$62,MATCH(Both_Shift_Roster!I$2,Evening_Shift!$B$2:$BJ$2,0),0),""),IFERROR(VLOOKUP($B4,Morning_Shift!$B$4:$BJ$61,MATCH(Both_Shift_Roster!I$2,Morning_Shift!$B$2:$BJ$2,0),0),"")) -> 7:00-14:30 | J4: =IF(IFERROR(VLOOKUP($B4,Morning_Shift!$B$4:$BJ$61,MATCH(Both_Shift_Roster!J$2,Morning_Shift!$B$2:$BJ$2,0),0),"")="",IFERROR(VLOOKUP($B4,Evening_Shift!$B$4:$BJ$62,MATCH(Both_Shift_Roster!J$2,Evening_Shift!$B$2:$BJ$2,0),0),""),IFERROR(VLOOKUP($B4,Morning_Shift!$B$4:$BJ$61,MATCH(Both_Shift_Roster!J$2,Morning_Shift!$B$2:$BJ$2,0),0),"")) -> 7:00-14:30 | K4: =IF(IFERROR(VLOOKUP($B4,Morning_Shift!$B$4:$BJ$61,MATCH(Both_Shift_Roster!K$2,Morning_Shift!$B$2:$BJ$2,0),0),"")="",IFERROR(VLOOKUP($B4,Evening_Shift!$B$4:$BJ$62,MATCH(Both_Shift_Roster!K$2,Evening_Shift!$B$2:$BJ$2,0),0),""),IFERROR(VLOOKUP($B4,Morning_Shift!$B$4:$BJ$61,MATCH(Both_Shift_Roster!K$2,Morning_Shift!$B$2:$BJ$2,0),0),"")) -> 7:00-14:30 | L4: =IF(IFERROR(VLOOKUP($B4,Morning_Shift!$B$4:$BJ$61,MATCH(Both_Shift_Roster!L$2,Morning_Shift!$B$2:$BJ$2,0),0),"")="",IFERROR(VLOOKUP($B4,Evening_Shift!$B$4:$BJ$62,MATCH(Both_Shift_Roster!L$2,Evening_Shift!$B$2:$BJ$2,0),0),""),IFERROR(VLOOKUP($B4,Morning_Shift!$B$4:$BJ$61,MATCH(Both_Shift_Roster!L$2,Morning_Shift!$B$2:$BJ$2,0),0),"")) -> 7:00-14:30 | M4: =IF(IFERROR(VLOOKUP($B4,Morning_Shift!$B$4:$BJ$61,MATCH(Both_Shift_Roster!M$2,Morning_Shift!$B$2:$BJ$2,0),0),"")="",IFERROR(VLOOKUP($B4,Evening_Shift!$B$4:$BJ$62,MATCH(Both_Shift_Roster!M$2,Evening_Shift!$B$2:$BJ$2,0),0),""),IFERROR(VLOOKUP($B4,Morning_Shift!$B$4:$BJ$61,MATCH(Both_Shift_Roster!M$2,Morning_Shift!$B$2:$BJ$2,0),0),"")) -> 7:00-14:30 | N4: =COUNTIF($G4:$M4,"Agent Choice WO") -> 0 | O4: =COUNTIF($G4:$M4,"TL Choice WO") -> 0 | P4: =COUNTIF($G4:$M4,"CL") -> 0 | Q4: =COUNTIF($G4:$M4,"HD") -> 0 | R4: =COUNTIF($G4:$M4,"LP") -> 0 | S4: =IF(IFERROR(VLOOKUP($B4,Morning_Shift!$B$4:$BJ$61,MATCH(Both_Shift_Roster!S$2,Morning_Shift!$B$2:$BJ$2,0),0),"")="",IFERROR(VLOOKUP($B4,Evening_Shift!$B$4:$BJ$62,MATCH(Both_Shift_Roster!S$2,Evening_Shift!$B$2:$BJ$2,0),0),""),IFERROR(VLOOKUP($B4,Morning_Shift!$B$4:$BJ$61,MATCH(Both_Shift_Roster!S$2,Morning_Shift!$B$2:$BJ$2,0),0),"")) -> 7:00-14:30 | T4: =IF(IFERROR(VLOOKUP($B4,Morning_Shift!$B$4:$BJ$61,MATCH(Both_Shift_Roster!T$2,Morning_Shift!$B$2:$BJ$2,0),0),"")="",IFERROR(VLOOKUP($B4,Evening_Shift!$B$4:$BJ$62,MATCH(Both_Shift_Roster!T$2,Evening_Shift!$B$2:$BJ$2,0),0),""),IFERROR(VLOOKUP($B4,Morning_Shift!$B$4:$BJ$61,MATCH(Both_Shift_Roster!T$2,Morning_Shift!$B$2:$BJ$2,0),0),"")) -> 7:00-14:30 | U4: =IF(IFERROR(VLOOKUP($B4,Morning_Shift!$B$4:$BJ$61,MATCH(Both_Shift_Roster!U$2,Morning_Shift!$B$2:$BJ$2,0),0),"")="",IFERROR(VLOOKUP($B4,Evening_Shift!$B$4:$BJ$62,MATCH(Both_Shift_Roster!U$2,Evening_Shift!$B$2:$BJ$2,0),0),""),IFERROR(VLOOKUP($B4,Morning_Shift!$B$4:$BJ$61,MATCH(Both_Shift_Roster!U$2,Morning_Shift!$B$2:$BJ$2,0),0),"")) -> Agent Choice WO | V4: =IF(IFERROR(VLOOKUP($B4,Morning_Shift!$B$4:$BJ$61,MATCH(Both_Shift_Roster!V$2,Morning_Shift!$B$2:$BJ$2,0),0),"")="",IFERROR(VLOOKUP($B4,Evening_Shift!$B$4:$BJ$62,MATCH(Both_Shift_Roster!V$2,Evening_Shift!$B$2:$BJ$2,0),0),""),IFERROR(VLOOKUP($B4,Morning_Shift!$B$4:$BJ$61,MATCH(Both_Shift_Roster!V$2,Morning_Shift!$B$2:$BJ$2,0),0),"")) -> 7:00-14:30 | W4: =IF(IFERROR(VLOOKUP($B4,Morning_Shift!$B$4:$BJ$61,MATCH(Both_Shift_Roster!W$2,Morning_Shift!$B$2:$BJ$2,0),0),"")="",IFERROR(VLOOKUP($B4,Evening_Shift!$B$4:$BJ$62,MATCH(Both_Shift_Roster!W$2,Evening_Shift!$B$2:$BJ$2,0),0),""),IFERROR(VLOOKUP($B4,Morning_Shift!$B$4:$BJ$61,MATCH(Both_Shift_Roster!W$2,Morning_Shift!$B$2:$BJ$2,0),0),"")) -> 7:00-14:30 | X4: =IF(IFERROR(VLOOKUP($B4,Morning_Shift!$B$4:$BJ$61,MATCH(Both_Shift_Roster!X$2,Morning_Shift!$B$2:$BJ$2,0),0),"")="",IFERROR(VLOOKUP($B4,Evening_Shift!$B$4:$BJ$62,MATCH(Both_Shift_Roster!X$2,Evening_Shift!$B$2:$BJ$2,0),0),""),IFERROR(VLOOKUP($B4,Morning_Shift!$B$4:$BJ$61,MATCH(Both_Shift_Roster!X$2,Morning_Shift!$B$2:$BJ$2,0),0),"")) -> 7:00-14:30 | Y4: =IF(IFERROR(VLOOKUP($B4,Morning_Shift!$B$4:$BJ$61,MATCH(Both_Shift_Roster!Y$2,Morning_Shift!$B$2:$BJ$2,0),0),"")="",IFERROR(VLOOKUP($B4,Evening_Shift!$B$4:$BJ$62,MATCH(Both_Shift_Roster!Y$2,Evening_Shift!$B$2:$BJ$2,0),0),""),IFERROR(VLOOKUP($B4,Morning_Shift!$B$4:$BJ$61,MATCH(Both_Shift_Roster!Y$2,Morning_Shift!$B$2:$BJ$2,0),0),"")) -> 7:00-14:30 | Z4: =COUNTIF($S4:$Y4,"Agent Choice WO") -> 1 | AA4: =COUNTIF($S4:$Y4,"TL Choice WO") -> 0 | AB4: =COUNTIF($S4:$Y4,"CL") -> 0 | AC4: =COUNTIF($S4:$Y4,"HD") -> 0 | AD4: =COUNTIF($S4:$Y4,"LP") -> 0 | AE4: =IF(IFERROR(VLOOKUP($B4,Morning_Shift!$B$4:$BJ$61,MATCH(Both_Shift_Roster!AE$2,Morning_Shift!$B$2:$BJ$2,0),0),"")="",IFERROR(VLOOKUP($B4,Evening_Shift!$B$4:$BJ$62,MATCH(Both_Shift_Roster!AE$2,Evening_Shift!$B$2:$BJ$2,0),0),""),IFERROR(VLOOKUP($B4,Morning_Shift!$B$4:$BJ$61,MATCH(Both_Shift_Roster!AE$2,Morning_Shift!$B$2:$BJ$2,0),0),"")) -> Agent Choice WO | AF4: =IF(IFERROR(VLOOKUP($B4,Morning_Shift!$B$4:$BJ$61,MATCH(Both_Shift_Roster!AF$2,Morning_Shift!$B$2:$BJ$2,0),0),"")="",IFERROR(VLOOKUP($B4,Evening_Shift!$B$4:$BJ$62,MATCH(Both_Shift_Roster!AF$2,Evening_Shift!$B$2:$BJ$2,0),0),""),IFERROR(VLOOKUP($B4,Morning_Shift!$B$4:$BJ$61,MATCH(Both_Shift_Roster!AF$2,Morning_Shift!$B$2:$BJ$2,0),0),"")) -> 7:00-14:30 | AG4: =IF(IFERROR(VLOOKUP($B4,Morning_Shift!$B$4:$BJ$61,MATCH(Both_Shift_Roster!AG$2,Morning_Shift!$B$2:$BJ$2,0),0),"")="",IFERROR(VLOOKUP($B4,Evening_Shift!$B$4:$BJ$62,MATCH(Both_Shift_Roster!AG$2,Evening_Shift!$B$2:$BJ$2,0),0),""),IFERROR(VLOOKUP($B4,Morning_Shift!$B$4:$BJ$61,MATCH(Both_Shift_Roster!AG$2,Morning_Shift!$B$2:$BJ$2,0),0),"")) -> 7:00-14:30 | AH4: =IF(IFERROR(VLOOKUP($B4,Morning_Shift!$B$4:$BJ$61,MATCH(Both_Shift_Roster!AH$2,Morning_Shift!$B$2:$BJ$2,0),0),"")="",IFERROR(VLOOKUP($B4,Evening_Shift!$B$4:$BJ$62,MATCH(Both_Shift_Roster!AH$2,Evening_Shift!$B$2:$BJ$2,0),0),""),IFERROR(VLOOKUP($B4,Morning_Shift!$B$4:$BJ$61,MATCH(Both_Shift_Roster!AH$2,Morning_Shift!$B$2:$BJ$2,0),0),"")) -> 7:00-14:30 | AI4: =IF(IFERROR(VLOOKUP($B4,Morning_Shift!$B$4:$BJ$61,MATCH(Both_Shift_Roster!AI$2,Morning_Shift!$B$2:$BJ$2,0),0),"")="",IFERROR(VLOOKUP($B4,Evening_Shift!$B$4:$BJ$62,MATCH(Both_Shift_Roster!AI$2,Evening_Shift!$B$2:$BJ$2,0),0),""),IFERROR(VLOOKUP($B4,Morning_Shift!$B$4:$BJ$61,MATCH(Both_Shift_Roster!AI$2,Morning_Shift!$B$2:$BJ$2,0),0),"")) -> 7:00-14:30 | AJ4: =IF(IFERROR(VLOOKUP($B4,Morning_Shift!$B$4:$BJ$61,MATCH(Both_Shift_Roster!AJ$2,Morning_Shift!$B$2:$BJ$2,0),0),"")="",IFERROR(VLOOKUP($B4,Evening_Shift!$B$4:$BJ$62,MATCH(Both_Shift_Roster!AJ$2,Evening_Shift!$B$2:$BJ$2,0),0),""),IFERROR(VLOOKUP($B4,Morning_Shift!$B$4:$BJ$61,MATCH(Both_Shift_Roster!AJ$2,Morning_Shift!$B$2:$BJ$2,0),0),"")) -> 7:00-14:30 | AK4: =IF(IFERROR(VLOOKUP($B4,Morning_Shift!$B$4:$BJ$61,MATCH(Both_Shift_Roster!AK$2,Morning_Shift!$B$2:$BJ$2,0),0),"")="",IFERROR(VLOOKUP($B4,Evening_Shift!$B$4:$BJ$62,MATCH(Both_Shift_Roster!AK$2,Evening_Shift!$B$2:$BJ$2,0),0),""),IFERROR(VLOOKUP($B4,Morning_Shift!$B$4:$BJ$61,MATCH(Both_Shift_Roster!AK$2,Morning_Shift!$B$2:$BJ$2,0),0),"")) -> 7:00-14:30 | AL4: =COUNTIF($AE4:$AK4,"Agent Choice WO") -> 1 | AM4: =COUNTIF($AE4:$AK4,"TL Choice WO") -> 0 | AN4: =COUNTIF($AE4:$AK4,"CL") -> 0 | AO4: =COUNTIF($AE4:$AK4,"HD") -> 0 | AP4: =COUNTIF($AE4:$AK4,"LP") -> 0 | AQ4: =IF(IFERROR(VLOOKUP($B4,Morning_Shift!$B$4:$BJ$61,MATCH(Both_Shift_Roster!AQ$2,Morning_Shift!$B$2:$BJ$2,0),0),"")="",IFERROR(VLOOKUP($B4,Evening_Shift!$B$4:$BJ$62,MATCH(Both_Shift_Roster!AQ$2,Evening_Shift!$B$2:$BJ$2,0),0),""),IFERROR(VLOOKUP($B4,Morning_Shift!$B$4:$BJ$61,MATCH(Both_Shift_Roster!AQ$2,Morning_Shift!$B$2:$BJ$2,0),0),"")) -> 7:00-14:30 | AR4: =IF(IFERROR(VLOOKUP($B4,Morning_Shift!$B$4:$BJ$61,MATCH(Both_Shift_Roster!AR$2,Morning_Shift!$B$2:$BJ$2,0),0),"")="",IFERROR(VLOOKUP($B4,Evening_Shift!$B$4:$BJ$62,MATCH(Both_Shift_Roster!AR$2,Evening_Shift!$B$2:$BJ$2,0),0),""),IFERROR(VLOOKUP($B4,Morning_Shift!$B$4:$BJ$61,MATCH(Both_Shift_Roster!AR$2,Morning_Shift!$B$2:$BJ$2,0),0),"")) -> 7:00-14:30 | AS4: =IF(IFERROR(VLOOKUP($B4,Morning_Shift!$B$4:$BJ$61,MATCH(Both_Shift_Roster!AS$2,Morning_Shift!$B$2:$BJ$2,0),0),"")="",IFERROR(VLOOKUP($B4,Evening_Shift!$B$4:$BJ$62,MATCH(Both_Shift_Roster!AS$2,Evening_Shift!$B$2:$BJ$2,0),0),""),IFERROR(VLOOKUP($B4,Morning_Shift!$B$4:$BJ$61,MATCH(Both_Shift_Roster!AS$2,Morning_Shift!$B$2:$BJ$2,0),0),"")) -> Agent Choice WO | AT4: =IF(IFERROR(VLOOKUP($B4,Morning_Shift!$B$4:$BJ$61,MATCH(Both_Shift_Roster!AT$2,Morning_Shift!$B$2:$BJ$2,0),0),"")="",IFERROR(VLOOKUP($B4,Evening_Shift!$B$4:$BJ$62,MATCH(Both_Shift_Roster!AT$2,Evening_Shift!$B$2:$BJ$2,0),0),""),IFERROR(VLOOKUP($B4,Morning_Shift!$B$4:$BJ$61,MATCH(Both_Shift_Roster!AT$2,Morning_Shift!$B$2:$BJ$2,0),0),"")) -> Agent Choice WO | AU4: =IF(IFERROR(VLOOKUP($B4,Morning_Shift!$B$4:$BJ$61,MATCH(Both_Shift_Roster!AU$2,Morning_Shift!$B$2:$BJ$2,0),0),"")="",IFERROR(VLOOKUP($B4,Evening_Shift!$B$4:$BJ$62,MATCH(Both_Shift_Roster!AU$2,Evening_Shift!$B$2:$BJ$2,0),0),""),IFERROR(VLOOKUP($B4,Morning_Shift!$B$4:$BJ$61,MATCH(Both_Shift_Roster!AU$2,Morning_Shift!$B$2:$BJ$2,0),0),"")) -> 7:00-14:30 | AV4: =IF(IFERROR(VLOOKUP($B4,Morning_Shift!$B$4:$BJ$61,MATCH(Both_Shift_Roster!AV$2,Morning_Shift!$B$2:$BJ$2,0),0),"")="",IFERROR(VLOOKUP($B4,Evening_Shift!$B$4:$BJ$62,MATCH(Both_Shift_Roster!AV$2,Evening_Shift!$B$2:$BJ$2,0),0),""),IFERROR(VLOOKUP($B4,Morning_Shift!$B$4:$BJ$61,MATCH(Both_Shift_Roster!AV$2,Morning_Shift!$B$2:$BJ$2,0),0),"")) -> 7:00-14:30 | AW4: =IF(IFERROR(VLOOKUP($B4,Morning_Shift!$B$4:$BJ$61,MATCH(Both_Shift_Roster!AW$2,Morning_Shift!$B$2:$BJ$2,0),0),"")="",IFERROR(VLOOKUP($B4,Evening_Shift!$B$4:$BJ$62,MATCH(Both_Shift_Roster!AW$2,Evening_Shift!$B$2:$BJ$2,0),0),""),IFERROR(VLOOKUP($B4,Morning_Shift!$B$4:$BJ$61,MATCH(Both_Shift_Roster!AW$2,Morning_Shift!$B$2:$BJ$2,0),0),"")) -> 7:00-14:30 | AX4: =COUNTIF($AQ4:$AW4,"Agent Choice WO") -> 2 | AY4: =COUNTIF($AQ4:$AW4,"TL Choice WO") -> 0 | AZ4: =COUNTIF($AQ4:$AW4,"CL") -> 0 | BA4: =COUNTIF($AQ4:$AW4,"HD") -> 0 | BB4: =COUNTIF($AQ4:$AW4,"LP") -> 0 | BC4: =IF(IFERROR(VLOOKUP($B4,Morning_Shift!$B$4:$BJ$61,MATCH(Both_Shift_Roster!BC$2,Morning_Shift!$B$2:$BJ$2,0),0),"")="",IFERROR(VLOOKUP($B4,Evening_Shift!$B$4:$BJ$62,MATCH(Both_Shift_Roster!BC$2,Evening_Shift!$B$2:$BJ$2,0),0),""),IFERROR(VLOOKUP($B4,Morning_Shift!$B$4:$BJ$61,MATCH(Both_Shift_Roster!BC$2,Morning_Shift!$B$2:$BJ$2,0),0),"")) -> 7:00-14:30 | BD4: =IF(IFERROR(VLOOKUP($B4,Morning_Shift!$B$4:$BJ$61,MATCH(Both_Shift_Roster!BD$2,Morning_Shift!$B$2:$BJ$2,0),0),"")="",IFERROR(VLOOKUP($B4,Evening_Shift!$B$4:$BJ$62,MATCH(Both_Shift_Roster!BD$2,Evening_Shift!$B$2:$BJ$2,0),0),""),IFERROR(VLOOKUP($B4,Morning_Shift!$B$4:$BJ$61,MATCH(Both_Shift_Roster!BD$2,Morning_Shift!$B$2:$BJ$2,0),0),"")) -> CL | BE4: =IF(IFERROR(VLOOKUP($B4,Morning_Shift!$B$4:$BJ$61,MATCH(Both_Shift_Roster!BE$2,Morning_Shift!$B$2:$BJ$2,0),0),"")="",IFERROR(VLOOKUP($B4,Evening_Shift!$B$4:$BJ$59,MATCH(Both_Shift_Roster!BE$2,Evening_Shift!$B$2:$BJ$2,0),0),""),IFERROR(VLOOKUP($B4,Morning_Shift!$B$4:$BJ$61,MATCH(Both_Shift_Roster!BE$2,Morning_Shift!$B$2:$BJ$2,0),0),"")) -> 7:00-14:30 | BF4: =COUNTIF($BC4:$BE4,"Agent Choice WO") -> 0 | BG4: =COUNTIF($BC4:$BE4,"TL Choice WO") -> 0 | BH4: =COUNTIF($BC4:$BE4,"CL") -> 1 | BI4: =COUNTIF($BC4:$BE4,"HD") -> 0 | BJ4: =COUNTIF($BC4:$BE4,"LP") -> 0
A5: =A4+1 -> 2 | B5: =Morning_Shift!$B5 -> Dritm140 | C5: =IF(IFERROR(VLOOKUP(B5,Morning_Shift!B:C,2,0),"")="",IFERROR(VLOOKUP(B5,Evening_Shift!B:C,2,0),""),IFERROR(VLOOKUP(B5,Morning_Shift!B:C,2,0),"")) -> Anjana | D5: =IF(IFERROR(VLOOKUP(B5,Morning_Shift!B:D,3,0),"")="",IFERROR(VLOOKUP(B5,Evening_Shift!B:D,3,0),""),IFERROR(VLOOKUP(B5,Morning_Shift!B:D,3,0),"")) -> Naina | E5: =IF(IFERROR(VLOOKUP(B5,Morning_Shift!B:E,4,0),"")="",IFERROR(VLOOKUP(B5,Evening_Shift!B:E,4,0),""),IFERROR(VLOOKUP(B5,Morning_Shift!B:E,4,0),"")) -> F | F5: =IF(IFERROR(VLOOKUP(B5,Morning_Shift!B:F,5,0),"")="",IFERROR(VLOOKUP(B5,Evening_Shift!B:F,5,0),""),IFERROR(VLOOKUP(B5,Morning_Shift!B:F,5,0),"")) -> Inbound | G5: =IF(IFERROR(VLOOKUP($B5,Morning_Shift!$B$4:$BJ$61,MATCH(Both_Shift_Roster!G$2,Morning_Shift!$B$2:$BJ$2,0),0),"")="",IFERROR(VLOOKUP($B5,Evening_Shift!$B$4:$BJ$62,MATCH(Both_Shift_Roster!G$2,Evening_Shift!$B$2:$BJ$2,0),0),""),IFERROR(VLOOKUP($B5,Morning_Shift!$B$4:$BJ$61,MATCH(Both_Shift_Roster!G$2,Morning_Shift!$B$2:$BJ$2,0),0),"")) -> 7:00-14:30 | H5: =IF(IFERROR(VLOOKUP($B5,Morning_Shift!$B$4:$BJ$61,MATCH(Both_Shift_Roster!H$2,Morning_Shift!$B$2:$BJ$2,0),0),"")="",IFERROR(VLOOKUP($B5,Evening_Shift!$B$4:$BJ$62,MATCH(Both_Shift_Roster!H$2,Evening_Shift!$B$2:$BJ$2,0),0),""),IFERROR(VLOOKUP($B5,Morning_Shift!$B$4:$BJ$61,MATCH(Both_Shift_Roster!H$2,Morning_Shift!$B$2:$BJ$2,0),0),"")) -> 7:00-14:30 | I5: =IF(IFERROR(VLOOKUP($B5,Morning_Shift!$B$4:$BJ$61,MATCH(Both_Shift_Roster!I$2,Morning_Shift!$B$2:$BJ$2,0),0),"")="",IFERROR(VLOOKUP($B5,Evening_Shift!$B$4:$BJ$62,MATCH(Both_Shift_Roster!I$2,Evening_Shift!$B$2:$BJ$2,0),0),""),IFERROR(VLOOKUP($B5,Morning_Shift!$B$4:$BJ$61,MATCH(Both_Shift_Roster!I$2,Morning_Shift!$B$2:$BJ$2,0),0),"")) -> Agent Choice WO | J5: =IF(IFERROR(VLOOKUP($B5,Morning_Shift!$B$4:$BJ$61,MATCH(Both_Shift_Roster!J$2,Morning_Shift!$B$2:$BJ$2,0),0),"")="",IFERROR(VLOOKUP($B5,Evening_Shift!$B$4:$BJ$62,MATCH(Both_Shift_Roster!J$2,Evening_Shift!$B$2:$BJ$2,0),0),""),IFERROR(VLOOKUP($B5,Morning_Shift!$B$4:$BJ$61,MATCH(Both_Shift_Roster!J$2,Morning_Shift!$B$2:$BJ$2,0),0),"")) -> 7:00-14:30 | K5: =IF(IFERROR(VLOOKUP($B5,Morning_Shift!$B$4:$BJ$61,MATCH(Both_Shift_Roster!K$2,Morning_Shift!$B$2:$BJ$2,0),0),"")="",IFERROR(VLOOKUP($B5,Evening_Shift!$B$4:$BJ$62,MATCH(Both_Shift_Roster!K$2,Evening_Shift!$B$2:$BJ$2,0),0),""),IFERROR(VLOOKUP($B5,Morning_Shift!$B$4:$BJ$61,MATCH(Both_Shift_Roster!K$2,Morning_Shift!$B$2:$BJ$2,0),0),"")) -> 7:00-14:30 | L5: =IF(IFERROR(VLOOKUP($B5,Morning_Shift!$B$4:$BJ$61,MATCH(Both_Shift_Roster!L$2,Morning_Shift!$B$2:$BJ$2,0),0),"")="",IFERROR(VLOOKUP($B5,Evening_Shift!$B$4:$BJ$62,MATCH(Both_Shift_Roster!L$2,Evening_Shift!$B$2:$BJ$2,0),0),""),IFERROR(VLOOKUP($B5,Morning_Shift!$B$4:$BJ$61,MATCH(Both_Shift_Roster!L$2,Morning_Shift!$B$2:$BJ$2,0),0),"")) -> 7:00-14:30 | M5: =IF(IFERROR(VLOOKUP($B5,Morning_Shift!$B$4:$BJ$61,MATCH(Both_Shift_Roster!M$2,Morning_Shift!$B$2:$BJ$2,0),0),"")="",IFERROR(VLOOKUP($B5,Evening_Shift!$B$4:$BJ$62,MATCH(Both_Shift_Roster!M$2,Evening_Shift!$B$2:$BJ$2,0),0),""),IFERROR(VLOOKUP($B5,Morning_Shift!$B$4:$BJ$61,MATCH(Both_Shift_Roster!M$2,Morning_Shift!$B$2:$BJ$2,0),0),"")) -> 7:00-14:30 | N5: =COUNTIF($G5:$M5,"Agent Choice WO") -> 1 | O5: =COUNTIF($G5:$M5,"TL Choice WO") -> 0 | P5: =COUNTIF($G5:$M5,"CL") -> 0 | Q5: =COUNTIF($G5:$M5,"HD") -> 0 | R5: =COUNTIF($G5:$M5,"LP") -> 0 | S5: =IF(IFERROR(VLOOKUP($B5,Morning_Shift!$B$4:$BJ$61,MATCH(Both_Shift_Roster!S$2,Morning_Shift!$B$2:$BJ$2,0),0),"")="",IFERROR(VLOOKUP($B5,Evening_Shift!$B$4:$BJ$62,MATCH(Both_Shift_Roster!S$2,Evening_Shift!$B$2:$BJ$2,0),0),""),IFERROR(VLOOKUP($B5,Morning_Shift!$B$4:$BJ$61,MATCH(Both_Shift_Roster!S$2,Morning_Shift!$B$2:$BJ$2,0),0),"")) -> 7:00-14:30 | T5: =IF(IFERROR(VLOOKUP($B5,Morning_Shift!$B$4:$BJ$61,MATCH(Both_Shift_Roster!T$2,Morning_Shift!$B$2:$BJ$2,0),0),"")="",IFERROR(VLOOKUP($B5,Evening_Shift!$B$4:$BJ$62,MATCH(Both_Shift_Roster!T$2,Evening_Shift!$B$2:$BJ$2,0),0),""),IFERROR(VLOOKUP($B5,Morning_Shift!$B$4:$BJ$61,MATCH(Both_Shift_Roster!T$2,Morning_Shift!$B$2:$BJ$2,0),0),"")) -> 7:00-14:30 | U5: =IF(IFERROR(VLOOKUP($B5,Morning_Shift!$B$4:$BJ$61,MATCH(Both_Shift_Roster!U$2,Morning_Shift!$B$2:$BJ$2,0),0),"")="",IFERROR(VLOOKUP($B5,Evening_Shift!$B$4:$BJ$62,MATCH(Both_Shift_Roster!U$2,Evening_Shift!$B$2:$BJ$2,0),0),""),IFERROR(VLOOKUP($B5,Morning_Shift!$B$4:$BJ$61,MATCH(Both_Shift_Roster!U$2,Morning_Shift!$B$2:$BJ$2,0),0),"")) -> 7:00-14:30 | V5: =IF(IFERROR(VLOOKUP($B5,Morning_Shift!$B$4:$BJ$61,MATCH(Both_Shift_Roster!V$2,Morning_Shift!$B$2:$BJ$2,0),0),"")="",IFERROR(VLOOKUP($B5,Evening_Shift!$B$4:$BJ$62,MATCH(Both_Shift_Roster!V$2,Evening_Shift!$B$2:$BJ$2,0),0),""),IFERROR(VLOOKUP($B5,Morning_Shift!$B$4:$BJ$61,MATCH(Both_Shift_Roster!V$2,Morning_Shift!$B$2:$BJ$2,0),0),"")) -> 7:00-14:30 | W5: =IF(IFERROR(VLOOKUP($B5,Morning_Shift!$B$4:$BJ$61,MATCH(Both_Shift_Roster!W$2,Morning_Shift!$B$2:$BJ$2,0),0),"")="",IFERROR(VLOOKUP($B5,Evening_Shift!$B$4:$BJ$62,MATCH(Both_Shift_Roster!W$2,Evening_Shift!$B$2:$BJ$2,0),0),""),IFERROR(VLOOKUP($B5,Morning_Shift!$B$4:$BJ$61,MATCH(Both_Shift_Roster!W$2,Morning_Shift!$B$2:$BJ$2,0),0),"")) -> 7:00-14:30 | X5: =IF(IFERROR(VLOOKUP($B5,Morning_Shift!$B$4:$BJ$61,MATCH(Both_Shift_Roster!X$2,Morning_Shift!$B$2:$BJ$2,0),0),"")="",IFERROR(VLOOKUP($B5,Evening_Shift!$B$4:$BJ$62,MATCH(Both_Shift_Roster!X$2,Evening_Shift!$B$2:$BJ$2,0),0),""),IFERROR(VLOOKUP($B5,Morning_Shift!$B$4:$BJ$61,MATCH(Both_Shift_Roster!X$2,Morning_Shift!$B$2:$BJ$2,0),0),"")) -> 7:00-14:30 | Y5: =IF(IFERROR(VLOOKUP($B5,Morning_Shift!$B$4:$BJ$61,MATCH(Both_Shift_Roster!Y$2,Morning_Shift!$B$2:$BJ$2,0),0),"")="",IFERROR(VLOOKUP($B5,Evening_Shift!$B$4:$BJ$62,MATCH(Both_Shift_Roster!Y$2,Evening_Shift!$B$2:$BJ$2,0),0),""),IFERROR(VLOOKUP($B5,Morning_Shift!$B$4:$BJ$61,MATCH(Both_Shift_Roster!Y$2,Morning_Shift!$B$2:$BJ$2,0),0),"")) -> 7:00-14:30 | Z5: =COUNTIF($S5:$Y5,"Agent Choice WO") -> 0 | AA5: =COUNTIF($S5:$Y5,"TL Choice WO") -> 0 | AB5: =COUNTIF($S5:$Y5,"CL") -> 0 | AC5: =COUNTIF($S5:$Y5,"HD") -> 0 | AD5: =COUNTIF($S5:$Y5,"LP") -> 0 | AE5: =IF(IFERROR(VLOOKUP($B5,Morning_Shift!$B$4:$BJ$61,MATCH(Both_Shift_Roster!AE$2,Morning_Shift!$B$2:$BJ$2,0),0),"")="",IFERROR(VLOOKUP($B5,Evening_Shift!$B$4:$BJ$62,MATCH(Both_Shift_Roster!AE$2,Evening_Shift!$B$2:$BJ$2,0),0),""),IFERROR(VLOOKUP($B5,Morning_Shift!$B$4:$BJ$61,MATCH(Both_Shift_Roster!AE$2,Morning_Shift!$B$2:$BJ$2,0),0),"")) -> 7:00-14:30 | AF5: =IF(IFERROR(VLOOKUP($B5,Morning_Shift!$B$4:$BJ$61,MATCH(Both_Shift_Roster!AF$2,Morning_Shift!$B$2:$BJ$2,0),0),"")="",IFERROR(VLOOKUP($B5,Evening_Shift!$B$4:$BJ$62,MATCH(Both_Shift_Roster!AF$2,Evening_Shift!$B$2:$BJ$2,0),0),""),IFERROR(VLOOKUP($B5,Morning_Shift!$B$4:$BJ$61,MATCH(Both_Shift_Roster!AF$2,Morning_Shift!$B$2:$BJ$2,0),0),"")) -> 7:00-14:30 | AG5: =IF(IFERROR(VLOOKUP($B5,Morning_Shift!$B$4:$BJ$61,MATCH(Both_Shift_Roster!AG$2,Morning_Shift!$B$2:$BJ$2,0),0),"")="",IFERROR(VLOOKUP($B5,Evening_Shift!$B$4:$BJ$62,MATCH(Both_Shift_Roster!AG$2,Evening_Shift!$B$2:$BJ$2,0),0),""),IFERROR(VLOOKUP($B5,Morning_Shift!$B$4:$BJ$61,MATCH(Both_Shift_Roster!AG$2,Morning_Shift!$B$2:$BJ$2,0),0),"")) -> 7:00-14:30 | AH5: =IF(IFERROR(VLOOKUP($B5,Morning_Shift!$B$4:$BJ$61,MATCH(Both_Shift_Roster!AH$2,Morning_Shift!$B$2:$BJ$2,0),0),"")="",IFERROR(VLOOKUP($B5,Evening_Shift!$B$4:$BJ$62,MATCH(Both_Shift_Roster!AH$2,Evening_Shift!$B$2:$BJ$2,0),0),""),IFERROR(VLOOKUP($B5,Morning_Shift!$B$4:$BJ$61,MATCH(Both_Shift_Roster!AH$2,Morning_Shift!$B$2:$BJ$2,0),0),"")) -> 7:00-14:30 | AI5: =IF(IFERROR(VLOOKUP($B5,Morning_Shift!$B$4:$BJ$61,MATCH(Both_Shift_Roster!AI$2,Morning_Shift!$B$2:$BJ$2,0),0),"")="",IFERROR(VLOOKUP($B5,Evening_Shift!$B$4:$BJ$62,MATCH(Both_Shift_Roster!AI$2,Evening_Shift!$B$2:$BJ$2,0),0),""),IFERROR(VLOOKUP($B5,Morning_Shift!$B$4:$BJ$61,MATCH(Both_Shift_Roster!AI$2,Morning_Shift!$B$2:$BJ$2,0),0),"")) -> 7:00-14:30 | AJ5: =IF(IFERROR(VLOOKUP($B5,Morning_Shift!$B$4:$BJ$61,MATCH(Both_Shift_Roster!AJ$2,Morning_Shift!$B$2:$BJ$2,0),0),"")="",IFERROR(VLOOKUP($B5,Evening_Shift!$B$4:$BJ$62,MATCH(Both_Shift_Roster!AJ$2,Evening_Shift!$B$2:$BJ$2,0),0),""),IFERROR(VLOOKUP($B5,Morning_Shift!$B$4:$BJ$61,MATCH(Both_Shift_Roster!AJ$2,Morning_Shift!$B$2:$BJ$2,0),0),"")) -> 7:00-14:30 | AK5: =IF(IFERROR(VLOOKUP($B5,Morning_Shift!$B$4:$BJ$61,MATCH(Both_Shift_Roster!AK$2,Morning_Shift!$B$2:$BJ$2,0),0),"")="",IFERROR(VLOOKUP($B5,Evening_Shift!$B$4:$BJ$62,MATCH(Both_Shift_Roster!AK$2,Evening_Shift!$B$2:$BJ$2,0),0),""),IFERROR(VLOOKUP($B5,Morning_Shift!$B$4:$BJ$61,MATCH(Both_Shift_Roster!AK$2,Morning_Shift!$B$2:$BJ$2,0),0),"")) -> 7:00-14:30 | AL5: =COUNTIF($AE5:$AK5,"Agent Choice WO") -> 0 | AM5: =COUNTIF($AE5:$AK5,"TL Choice WO") -> 0 | AN5: =COUNTIF($AE5:$AK5,"CL") -> 0 | AO5: =COUNTIF($AE5:$AK5,"HD") -> 0 | AP5: =COUNTIF($AE5:$AK5,"LP") -> 0 | AQ5: =IF(IFERROR(VLOOKUP($B5,Morning_Shift!$B$4:$BJ$61,MATCH(Both_Shift_Roster!AQ$2,Morning_Shift!$B$2:$BJ$2,0),0),"")="",IFERROR(VLOOKUP($B5,Evening_Shift!$B$4:$BJ$62,MATCH(Both_Shift_Roster!AQ$2,Evening_Shift!$B$2:$BJ$2,0),0),""),IFERROR(VLOOKUP($B5,Morning_Shift!$B$4:$BJ$61,MATCH(Both_Shift_Roster!AQ$2,Morning_Shift!$B$2:$BJ$2,0),0),"")) -> Agent Choice WO | AR5: =IF(IFERROR(VLOOKUP($B5,Morning_Shift!$B$4:$BJ$61,MATCH(Both_Shift_Roster!AR$2,Morning_Shift!$B$2:$BJ$2,0),0),"")="",IFERROR(VLOOKUP($B5,Evening_Shift!$B$4:$BJ$62,MATCH(Both_Shift_Roster!AR$2,Evening_Shift!$B$2:$BJ$2,0),0),""),IFERROR(VLOOKUP($B5,Morning_Shift!$B$4:$BJ$61,MATCH(Both_Shift_Roster!AR$2,Morning_Shift!$B$2:$BJ$2,0),0),"")) -> Agent Choice WO | AS5: =IF(IFERROR(VLOOKUP($B5,Morning_Shift!$B$4:$BJ$61,MATCH(Both_Shift_Roster!AS$2,Morning_Shift!$B$2:$BJ$2,0),0),"")="",IFERROR(VLOOKUP($B5,Evening_Shift!$B$4:$BJ$62,MATCH(Both_Shift_Roster!AS$2,Evening_Shift!$B$2:$BJ$2,0),0),""),IFERROR(VLOOKUP($B5,Morning_Shift!$B$4:$BJ$61,MATCH(Both_Shift_Roster!AS$2,Morning_Shift!$B$2:$BJ$2,0),0),"")) -> Agent Choice WO | AT5: =IF(IFERROR(VLOOKUP($B5,Morning_Shift!$B$4:$BJ$61,MATCH(Both_Shift_Roster!AT$2,Morning_Shift!$B$2:$BJ$2,0),0),"")="",IFERROR(VLOOKUP($B5,Evening_Shift!$B$4:$BJ$62,MATCH(Both_Shift_Roster!AT$2,Evening_Shift!$B$2:$BJ$2,0),0),""),IFERROR(VLOOKUP($B5,Morning_Shift!$B$4:$BJ$61,MATCH(Both_Shift_Roster!AT$2,Morning_Shift!$B$2:$BJ$2,0),0),"")) -> CL | AU5: =IF(IFERROR(VLOOKUP($B5,Morning_Shift!$B$4:$BJ$61,MATCH(Both_Shift_Roster!AU$2,Morning_Shift!$B$2:$BJ$2,0),0),"")="",IFERROR(VLOOKUP($B5,Evening_Shift!$B$4:$BJ$62,MATCH(Both_Shift_Roster!AU$2,Evening_Shift!$B$2:$BJ$2,0),0),""),IFERROR(VLOOKUP($B5,Morning_Shift!$B$4:$BJ$61,MATCH(Both_Shift_Roster!AU$2,Morning_Shift!$B$2:$BJ$2,0),0),"")) -> 7:00-14:30 | AV5: =IF(IFERROR(VLOOKUP($B5,Morning_Shift!$B$4:$BJ$61,MATCH(Both_Shift_Roster!AV$2,Morning_Shift!$B$2:$BJ$2,0),0),"")="",IFERROR(VLOOKUP($B5,Evening_Shift!$B$4:$BJ$62,MATCH(Both_Shift_Roster!AV$2,Evening_Shift!$B$2:$BJ$2,0),0),""),IFERROR(VLOOKUP($B5,Morning_Shift!$B$4:$BJ$61,MATCH(Both_Shift_Roster!AV$2,Morning_Shift!$B$2:$BJ$2,0),0),"")) -> 7:00-14:30 | AW5: =IF(IFERROR(VLOOKUP($B5,Morning_Shift!$B$4:$BJ$61,MATCH(Both_Shift_Roster!AW$2,Morning_Shift!$B$2:$BJ$2,0),0),"")="",IFERROR(VLOOKUP($B5,Evening_Shift!$B$4:$BJ$62,MATCH(Both_Shift_Roster!AW$2,Evening_Shift!$B$2:$BJ$2,0),0),""),IFERROR(VLOOKUP($B5,Morning_Shift!$B$4:$BJ$61,MATCH(Both_Shift_Roster!AW$2,Morning_Shift!$B$2:$BJ$2,0),0),"")) -> 7:00-14:30 | AX5: =COUNTIF($AQ5:$AW5,"Agent Choice WO") -> 3 | AY5: =COUNTIF($AQ5:$AW5,"TL Choice WO") -> 0 | AZ5: =COUNTIF($AQ5:$AW5,"CL") -> 1 | BA5: =COUNTIF($AQ5:$AW5,"HD") -> 0 | BB5: =COUNTIF($AQ5:$AW5,"LP") -> 0 | BC5: =IF(IFERROR(VLOOKUP($B5,Morning_Shift!$B$4:$BJ$61,MATCH(Both_Shift_Roster!BC$2,Morning_Shift!$B$2:$BJ$2,0),0),"")="",IFERROR(VLOOKUP($B5,Evening_Shift!$B$4:$BJ$62,MATCH(Both_Shift_Roster!BC$2,Evening_Shift!$B$2:$BJ$2,0),0),""),IFERROR(VLOOKUP($B5,Morning_Shift!$B$4:$BJ$61,MATCH(Both_Shift_Roster!BC$2,Morning_Shift!$B$2:$BJ$2,0),0),"")) -> 7:00-14:30 | BD5: =IF(IFERROR(VLOOKUP($B5,Morning_Shift!$B$4:$BJ$61,MATCH(Both_Shift_Roster!BD$2,Morning_Shift!$B$2:$BJ$2,0),0),"")="",IFERROR(VLOOKUP($B5,Evening_Shift!$B$4:$BJ$62,MATCH(Both_Shift_Roster!BD$2,Evening_Shift!$B$2:$BJ$2,0),0),""),IFERROR(VLOOKUP($B5,Morning_Shift!$B$4:$BJ$61,MATCH(Both_Shift_Roster!BD$2,Morning_Shift!$B$2:$BJ$2,0),0),"")) -> 7:00-14:30 | BE5: =IF(IFERROR(VLOOKUP($B5,Morning_Shift!$B$4:$BJ$61,MATCH(Both_Shift_Roster!BE$2,Morning_Shift!$B$2:$BJ$2,0),0),"")="",IFERROR(VLOOKUP($B5,Evening_Shift!$B$4:$BJ$59,MATCH(Both_Shift_Roster!BE$2,Evening_Shift!$B$2:$BJ$2,0),0),""),IFERROR(VLOOKUP($B5,Morning_Shift!$B$4:$BJ$61,MATCH(Both_Shift_Roster!BE$2,Morning_Shift!$B$2:$BJ$2,0),0),"")) -> 7:00-14:30 | BF5: =COUNTIF($BC5:$BE5,"Agent Choice WO") -> 0 | BG5: =COUNTIF($BC5:$BE5,"TL Choice WO") -> 0 | BH5: =COUNTIF($BC5:$BE5,"CL") -> 0 | BI5: =COUNTIF($BC5:$BE5,"HD") -> 0 | BJ5: =COUNTIF($BC5:$BE5,"LP") -> 0
A6: =A5+1 -> 3 | B6: =Morning_Shift!$B6 -> Dritm14 | C6: =IF(IFERROR(VLOOKUP(B6,Morning_Shift!B:C,2,0),"")="",IFERROR(VLOOKUP(B6,Evening_Shift!B:C,2,0),""),IFERROR(VLOOKUP(B6,Morning_Shift!B:C,2,0),"")) -> Anjana | D6: =IF(IFERROR(VLOOKUP(B6,Morning_Shift!B:D,3,0),"")="",IFERROR(VLOOKUP(B6,Evening_Shift!B:D,3,0),""),IFERROR(VLOOKUP(B6,Morning_Shift!B:D,3,0),"")) -> Naina | E6: =IF(IFERROR(VLOOKUP(B6,Morning_Shift!B:E,4,0),"")="",IFERROR(VLOOKUP(B6,Evening_Shift!B:E,4,0),""),IFERROR(VLOOKUP(B6,Morning_Shift!B:E,4,0),"")) -> F | F6: =IF(IFERROR(VLOOKUP(B6,Morning_Shift!B:F,5,0),"")="",IFERROR(VLOOKUP(B6,Evening_Shift!B:F,5,0),""),IFERROR(VLOOKUP(B6,Morning_Shift!B:F,5,0),"")) -> Himseva manual Inbound | G6: =IF(IFERROR(VLOOKUP($B6,Morning_Shift!$B$4:$BJ$61,MATCH(Both_Shift_Roster!G$2,Morning_Shift!$B$2:$BJ$2,0),0),"")="",IFERROR(VLOOKUP($B6,Evening_Shift!$B$4:$BJ$62,MATCH(Both_Shift_Roster!G$2,Evening_Shift!$B$2:$BJ$2,0),0),""),IFERROR(VLOOKUP($B6,Morning_Shift!$B$4:$BJ$61,MATCH(Both_Shift_Roster!G$2,Morning_Shift!$B$2:$BJ$2,0),0),"")) -> 10:00-17:30 | H6: =IF(IFERROR(VLOOKUP($B6,Morning_Shift!$B$4:$BJ$61,MATCH(Both_Shift_Roster!H$2,Morning_Shift!$B$2:$BJ$2,0),0),"")="",IFERROR(VLOOKUP($B6,Evening_Shift!$B$4:$BJ$62,MATCH(Both_Shift_Roster!H$2,Evening_Shift!$B$2:$BJ$2,0),0),""),IFERROR(VLOOKUP($B6,Morning_Shift!$B$4:$BJ$61,MATCH(Both_Shift_Roster!H$2,Morning_Shift!$B$2:$BJ$2,0),0),"")) -> 10:00-17:30 | I6: =IF(IFERROR(VLOOKUP($B6,Morning_Shift!$B$4:$BJ$61,MATCH(Both_Shift_Roster!I$2,Morning_Shift!$B$2:$BJ$2,0),0),"")="",IFERROR(VLOOKUP($B6,Evening_Shift!$B$4:$BJ$62,MATCH(Both_Shift_Roster!I$2,Evening_Shift!$B$2:$BJ$2,0),0),""),IFERROR(VLOOKUP($B6,Morning_Shift!$B$4:$BJ$61,MATCH(Both_Shift_Roster!I$2,Morning_Shift!$B$2:$BJ$2,0),0),"")) -> 10:00-17:30 | J6: =IF(IFERROR(VLOOKUP($B6,Morning_Shift!$B$4:$BJ$61,MATCH(Both_Shift_Roster!J$2,Morning_Shift!$B$2:$BJ$2,0),0),"")="",IFERROR(VLOOKUP($B6,Evening_Shift!$B$4:$BJ$62,MATCH(Both_Shift_Roster!J$2,Evening_Shift!$B$2:$BJ$2,0),0),""),IFERROR(VLOOKUP($B6,Morning_Shift!$B$4:$BJ$61,MATCH(Both_Shift_Roster!J$2,Morning_Shift!$B$2:$BJ$2,0),0),"")) -> 10:00-17:30 | K6: =IF(IFERROR(VLOOKUP($B6,Morning_Shift!$B$4:$BJ$61,MATCH(Both_Shift_Roster!K$2,Morning_Shift!$B$2:$BJ$2,0),0),"")="",IFERROR(VLOOKUP($B6,Evening_Shift!$B$4:$BJ$62,MATCH(Both_Shift_Roster!K$2,Evening_Shift!$B$2:$BJ$2,0),0),""),IFERROR(VLOOKUP($B6,Morning_Shift!$B$4:$BJ$61,MATCH(Both_Shift_Roster!K$2,Morning_Shift!$B$2:$BJ$2,0),0),"")) -> 10:00-17:30 | L6: =IF(IFERROR(VLOOKUP($B6,Morning_Shift!$B$4:$BJ$61,MATCH(Both_Shift_Roster!L$2,Morning_Shift!$B$2:$BJ$2,0),0),"")="",IFERROR(VLOOKUP($B6,Evening_Shift!$B$4:$BJ$62,MATCH(Both_Shift_Roster!L$2,Evening_Shift!$B$2:$BJ$2,0),0),""),IFERROR(VLOOKUP($B6,Morning_Shift!$B$4:$BJ$61,MATCH(Both_Shift_Roster!L$2,Morning_Shift!$B$2:$BJ$2,0),0),"")) -> 10:00-17:30 | M6: =IF(IFERROR(VLOOKUP($B6,Morning_Shift!$B$4:$BJ$61,MATCH(Both_Shift_Roster!M$2,Morning_Shift!$B$2:$BJ$2,0),0),"")="",IFERROR(VLOOKUP($B6,Evening_Shift!$B$4:$BJ$62,MATCH(Both_Shift_Roster!M$2,Evening_Shift!$B$2:$BJ$2,0),0),""),IFERROR(VLOOKUP($B6,Morning_Shift!$B$4:$BJ$61,MATCH(Both_Shift_Roster!M$2,Morning_Shift!$B$2:$BJ$2,0),0),"")) -> 10:00-17:30 | N6: =COUNTIF($G6:$M6,"Agent Choice WO") -> 0 | O6: =COUNTIF($G6:$M6,"TL Choice WO") -> 0 | P6: =COUNTIF($G6:$M6,"CL") -> 0 | Q6: =COUNTIF($G6:$M6,"HD") -> 0 | R6: =COUNTIF($G6:$M6,"LP") -> 0 | S6: =IF(IFERROR(VLOOKUP($B6,Morning_Shift!$B$4:$BJ$61,MATCH(Both_Shift_Roster!S$2,Morning_Shift!$B$2:$BJ$2,0),0),"")="",IFERROR(VLOOKUP($B6,Evening_Shift!$B$4:$BJ$62,MATCH(Both_Shift_Roster!S$2,Evening_Shift!$B$2:$BJ$2,0),0),""),IFERROR(VLOOKUP($B6,Morning_Shift!$B$4:$BJ$61,MATCH(Both_Shift_Roster!S$2,Morning_Shift!$B$2:$BJ$2,0),0),"")) -> 10:00-17:30 | T6: =IF(IFERROR(VLOOKUP($B6,Morning_Shift!$B$4:$BJ$61,MATCH(Both_Shift_Roster!T$2,Morning_Shift!$B$2:$BJ$2,0),0),"")="",IFERROR(VLOOKUP($B6,Evening_Shift!$B$4:$BJ$62,MATCH(Both_Shift_Roster!T$2,Evening_Shift!$B$2:$BJ$2,0),0),""),IFERROR(VLOOKUP($B6,Morning_Shift!$B$4:$BJ$61,MATCH(Both_Shift_Roster!T$2,Morning_Shift!$B$2:$BJ$2,0),0),"")) -> Agent Choice WO | U6: =IF(IFERROR(VLOOKUP($B6,Morning_Shift!$B$4:$BJ$61,MATCH(Both_Shift_Roster!U$2,Morning_Shift!$B$2:$BJ$2,0),0),"")="",IFERROR(VLOOKUP($B6,Evening_Shift!$B$4:$BJ$62,MATCH(Both_Shift_Roster!U$2,Evening_Shift!$B$2:$BJ$2,0),0),""),IFERROR(VLOOKUP($B6,Morning_Shift!$B$4:$BJ$61,MATCH(Both_Shift_Roster!U$2,Morning_Shift!$B$2:$BJ$2,0),0),"")) -> 10:00-17:30 | V6: =IF(IFERROR(VLOOKUP($B6,Morning_Shift!$B$4:$BJ$61,MATCH(Both_Shift_Roster!V$2,Morning_Shift!$B$2:$BJ$2,0),0),"")="",IFERROR(VLOOKUP($B6,Evening_Shift!$B$4:$BJ$62,MATCH(Both_Shift_Roster!V$2,Evening_Shift!$B$2:$BJ$2,0),0),""),IFERROR(VLOOKUP($B6,Morning_Shift!$B$4:$BJ$61,MATCH(Both_Shift_Roster!V$2,Morning_Shift!$B$2:$BJ$2,0),0),"")) -> 10:00-17:30 | W6: =IF(IFERROR(VLOOKUP($B6,Morning_Shift!$B$4:$BJ$61,MATCH(Both_Shift_Roster!W$2,Morning_Shift!$B$2:$BJ$2,0),0),"")="",IFERROR(VLOOKUP($B6,Evening_Shift!$B$4:$BJ$62,MATCH(Both_Shift_Roster!W$2,Evening_Shift!$B$2:$BJ$2,0),0),""),IFERROR(VLOOKUP($B6,Morning_Shift!$B$4:$BJ$61,MATCH(Both_Shift_Roster!W$2,Morning_Shift!$B$2:$BJ$2,0),0),"")) -> 10:00-17:30 | X6: =IF(IFERROR(VLOOKUP($B6,Morning_Shift!$B$4:$BJ$61,MATCH(Both_Shift_Roster!X$2,Morning_Shift!$B$2:$BJ$2,0),0),"")="",IFERROR(VLOOKUP($B6,Evening_Shift!$B$4:$BJ$62,MATCH(Both_Shift_Roster!X$2,Evening_Shift!$B$2:$BJ$2,0),0),""),IFERROR(VLOOKUP($B6,Morning_Shift!$B$4:$BJ$61,MATCH(Both_Shift_Roster!X$2,Morning_Shift!$B$2:$BJ$2,0),0),"")) -> Agent Choice WO | Y6: =IF(IFERROR(VLOOKUP($B6,Morning_Shift!$B$4:$BJ$61,MATCH(Both_Shift_Roster!Y$2,Morning_Shift!$B$2:$BJ$2,0),0),"")="",IFERROR(VLOOKUP($B6,Evening_Shift!$B$4:$BJ$62,MATCH(Both_Shift_Roster!Y$2,Evening_Shift!$B$2:$BJ$2,0),0),""),IFERROR(VLOOKUP($B6,Morning_Shift!$B$4:$BJ$61,MATCH(Both_Shift_Roster!Y$2,Morning_Shift!$B$2:$BJ$2,0),0),"")) -> TL Choice WO | Z6: =COUNTIF($S6:$Y6,"Agent Choice WO") -> 2 | AA6: =COUNTIF($S6:$Y6,"TL Choice WO") -> 1 | AB6: =COUNTIF($S6:$Y6,"CL") -> 0 | AC6: =COUNTIF($S6:$Y6,"HD") -> 0 | AD6: =COUNTIF($S6:$Y6,"LP") -> 0 | AE6: =IF(IFERROR(VLOOKUP($B6,Morning_Shift!$B$4:$BJ$61,MATCH(Both_Shift_Roster!AE$2,Morning_Shift!$B$2:$BJ$2,0),0),"")="",IFERROR(VLOOKUP($B6,Evening_Shift!$B$4:$BJ$62,MATCH(Both_Shift_Roster!AE$2,Evening_Shift!$B$2:$BJ$2,0),0),""),IFERROR(VLOOKUP($B6,Morning_Shift!$B$4:$BJ$61,MATCH(Both_Shift_Roster!AE$2,Morning_Shift!$B$2:$BJ$2,0),0),"")) -> 10:00-17:30 | AF6: =IF(IFERROR(VLOOKUP($B6,Morning_Shift!$B$4:$BJ$61,MATCH(Both_Shift_Roster!AF$2,Morning_Shift!$B$2:$BJ$2,0),0),"")="",IFERROR(VLOOKUP($B6,Evening_Shift!$B$4:$BJ$62,MATCH(Both_Shift_Roster!AF$2,Evening_Shift!$B$2:$BJ$2,0),0),""),IFERROR(VLOOKUP($B6,Morning_Shift!$B$4:$BJ$61,MATCH(Both_Shift_Roster!AF$2,Morning_Shift!$B$2:$BJ$2,0),0),"")) -> 10:00-17:30 | AG6: =IF(IFERROR(VLOOKUP($B6,Morning_Shift!$B$4:$BJ$61,MATCH(Both_Shift_Roster!AG$2,Morning_Shift!$B$2:$BJ$2,0),0),"")="",IFERROR(VLOOKUP($B6,Evening_Shift!$B$4:$BJ$62,MATCH(Both_Shift_Roster!AG$2,Evening_Shift!$B$2:$BJ$2,0),0),""),IFERROR(VLOOKUP($B6,Morning_Shift!$B$4:$BJ$61,MATCH(Both_Shift_Roster!AG$2,Morning_Shift!$B$2:$BJ$2,0),0),"")) -> 10:00-17:30 | AH6: =IF(IFERROR(VLOOKUP($B6,Morning_Shift!$B$4:$BJ$61,MATCH(Both_Shift_Roster!AH$2,Morning_Shift!$B$2:$BJ$2,0),0),"")="",IFERROR(VLOOKUP($B6,Evening_Shift!$B$4:$BJ$62,MATCH(Both_Shift_Roster!AH$2,Evening_Shift!$B$2:$BJ$2,0),0),""),IFERROR(VLOOKUP($B6,Morning_Shift!$B$4:$BJ$61,MATCH(Both_Shift_Roster!AH$2,Morning_Shift!$B$2:$BJ$2,0),0),"")) -> 10:00-17:30 | AI6: =IF(IFERROR(VLOOKUP($B6,Morning_Shift!$B$4:$BJ$61,MATCH(Both_Shift_Roster!AI$2,Morning_Shift!$B$2:$BJ$2,0),0),"")="",IFERROR(VLOOKUP($B6,Evening_Shift!$B$4:$BJ$62,MATCH(Both_Shift_Roster!AI$2,Evening_Shift!$B$2:$BJ$2,0),0),""),IFERROR(VLOOKUP($B6,Morning_Shift!$B$4:$BJ$61,MATCH(Both_Shift_Roster!AI$2,Morning_Shift!$B$2:$BJ$2,0),0),"")) -> 10:00-17:30 | AJ6: =IF(IFERROR(VLOOKUP($B6,Morning_Shift!$B$4:$BJ$61,MATCH(Both_Shift_Roster!AJ$2,Morning_Shift!$B$2:$BJ$2,0),0),"")="",IFERROR(VLOOKUP($B6,Evening_Shift!$B$4:$BJ$62,MATCH(Both_Shift_Roster!AJ$2,Evening_Shift!$B$2:$BJ$2,0),0),""),IFERROR(VLOOKUP($B6,Morning_Shift!$B$4:$BJ$61,MATCH(Both_Shift_Roster!AJ$2,Morning_Shift!$B$2:$BJ$2,0),0),"")) -> Agent Choice WO | AK6: =IF(IFERROR(VLOOKUP($B6,Morning_Shift!$B$4:$BJ$61,MATCH(Both_Shift_Roster!AK$2,Morning_Shift!$B$2:$BJ$2,0),0),"")="",IFERROR(VLOOKUP($B6,Evening_Shift!$B$4:$BJ$62,MATCH(Both_Shift_Roster!AK$2,Evening_Shift!$B$2:$BJ$2,0),0),""),IFERROR(VLOOKUP($B6,Morning_Shift!$B$4:$BJ$61,MATCH(Both_Shift_Roster!AK$2,Morning_Shift!$B$2:$BJ$2,0),0),"")) -> 10:00-17:30 | AL6: =COUNTIF($AE6:$AK6,"Agent Choice WO") -> 1 | AM6: =COUNTIF($AE6:$AK6,"TL Choice WO") -> 0 | AN6: =COUNTIF($AE6:$AK6,"CL") -> 0 | AO6: =COUNTIF($AE6:$AK6,"HD") -> 0 | AP6: =COUNTIF($AE6:$AK6,"LP") -> 0 | AQ6: =IF(IFERROR(VLOOKUP($B6,Morning_Shift!$B$4:$BJ$61,MATCH(Both_Shift_Roster!AQ$2,Morning_Shift!$B$2:$BJ$2,0),0),"")="",IFERROR(VLOOKUP($B6,Evening_Shift!$B$4:$BJ$62,MATCH(Both_Shift_Roster!AQ$2,Evening_Shift!$B$2:$BJ$2,0),0),""),IFERROR(VLOOKUP($B6,Morning_Shift!$B$4:$BJ$61,MATCH(Both_Shift_Roster!AQ$2,Morning_Shift!$B$2:$BJ$2,0),0),"")) -> 10:00-17:30 | AR6: =IF(IFERROR(VLOOKUP($B6,Morning_Shift!$B$4:$BJ$61,MATCH(Both_Shift_Roster!AR$2,Morning_Shift!$B$2:$BJ$2,0),0),"")="",IFERROR(VLOOKUP($B6,Evening_Shift!$B$4:$BJ$62,MATCH(Both_Shift_Roster!AR$2,Evening_Shift!$B$2:$BJ$2,0),0),""),IFERROR(VLOOKUP($B6,Morning_Shift!$B$4:$BJ$61,MATCH(Both_Shift_Roster!AR$2,Morning_Shift!$B$2:$BJ$2,0),0),"")) -> 10:00-17:30 | AS6: =IF(IFERROR(VLOOKUP($B6,Morning_Shift!$B$4:$BJ$61,MATCH(Both_Shift_Roster!AS$2,Morning_Shift!$B$2:$BJ$2,0),0),"")="",IFERROR(VLOOKUP($B6,Evening_Shift!$B$4:$BJ$62,MATCH(Both_Shift_Roster!AS$2,Evening_Shift!$B$2:$BJ$2,0),0),""),IFERROR(VLOOKUP($B6,Morning_Shift!$B$4:$BJ$61,MATCH(Both_Shift_Roster!AS$2,Morning_Shift!$B$2:$BJ$2,0),0),"")) -> 10:00-17:30 | AT6: =IF(IFERROR(VLOOKUP($B6,Morning_Shift!$B$4:$BJ$61,MATCH(Both_Shift_Roster!AT$2,Morning_Shift!$B$2:$BJ$2,0),0),"")="",IFERROR(VLOOKUP($B6,Evening_Shift!$B$4:$BJ$62,MATCH(Both_Shift_Roster!AT$2,Evening_Shift!$B$2:$BJ$2,0),0),""),IFERROR(VLOOKUP($B6,Morning_Shift!$B$4:$BJ$61,MATCH(Both_Shift_Roster!AT$2,Morning_Shift!$B$2:$BJ$2,0),0),"")) -> 10:00-17:30 | AU6: =IF(IFERROR(VLOOKUP($B6,Morning_Shift!$B$4:$BJ$61,MATCH(Both_Shift_Roster!AU$2,Morning_Shift!$B$2:$BJ$2,0),0),"")="",IFERROR(VLOOKUP($B6,Evening_Shift!$B$4:$BJ$62,MATCH(Both_Shift_Roster!AU$2,Evening_Shift!$B$2:$BJ$2,0),0),""),IFERROR(VLOOKUP($B6,Morning_Shift!$B$4:$BJ$61,MATCH(Both_Shift_Roster!AU$2,Morning_Shift!$B$2:$BJ$2,0),0),"")) -> 10:00-17:30 | AV6: =IF(IFERROR(VLOOKUP($B6,Morning_Shift!$B$4:$BJ$61,MATCH(Both_Shift_Roster!AV$2,Morning_Shift!$B$2:$BJ$2,0),0),"")="",IFERROR(VLOOKUP($B6,Evening_Shift!$B$4:$BJ$62,MATCH(Both_Shift_Roster!AV$2,Evening_Shift!$B$2:$BJ$2,0),0),""),IFERROR(VLOOKUP($B6,Morning_Shift!$B$4:$BJ$61,MATCH(Both_Shift_Roster!AV$2,Morning_Shift!$B$2:$BJ$2,0),0),"")) -> Agent Choice WO | AW6: =IF(IFERROR(VLOOKUP($B6,Morning_Shift!$B$4:$BJ$61,MATCH(Both_Shift_Roster!AW$2,Morning_Shift!$B$2:$BJ$2,0),0),"")="",IFERROR(VLOOKUP($B6,Evening_Shift!$B$4:$BJ$62,MATCH(Both_Shift_Roster!AW$2,Evening_Shift!$B$2:$BJ$2,0),0),""),IFERROR(VLOOKUP($B6,Morning_Shift!$B$4:$BJ$61,MATCH(Both_Shift_Roster!AW$2,Morning_Shift!$B$2:$BJ$2,0),0),"")) -> 10:00-17:30 | AX6: =COUNTIF($AQ6:$AW6,"Agent Choice WO") -> 1 | AY6: =COUNTIF($AQ6:$AW6,"TL Choice WO") -> 0 | AZ6: =COUNTIF($AQ6:$AW6,"CL") -> 0 | BA6: =COUNTIF($AQ6:$AW6,"HD") -> 0 | BB6: =COUNTIF($AQ6:$AW6,"LP") -> 0 | BC6: =IF(IFERROR(VLOOKUP($B6,Morning_Shift!$B$4:$BJ$61,MATCH(Both_Shift_Roster!BC$2,Morning_Shift!$B$2:$BJ$2,0),0),"")="",IFERROR(VLOOKUP($B6,Evening_Shift!$B$4:$BJ$62,MATCH(Both_Shift_Roster!BC$2,Evening_Shift!$B$2:$BJ$2,0),0),""),IFERROR(VLOOKUP($B6,Morning_Shift!$B$4:$BJ$61,MATCH(Both_Shift_Roster!BC$2,Morning_Shift!$B$2:$BJ$2,0),0),"")) -> 10:00-17:30 | BD6: =IF(IFERROR(VLOOKUP($B6,Morning_Shift!$B$4:$BJ$61,MATCH(Both_Shift_Roster!BD$2,Morning_Shift!$B$2:$BJ$2,0),0),"")="",IFERROR(VLOOKUP($B6,Evening_Shift!$B$4:$BJ$62,MATCH(Both_Shift_Roster!BD$2,Evening_Shift!$B$2:$BJ$2,0),0),""),IFERROR(VLOOKUP($B6,Morning_Shift!$B$4:$BJ$61,MATCH(Both_Shift_Roster!BD$2,Morning_Shift!$B$2:$BJ$2,0),0),"")) -> 10:00-17:30 | BE6: =IF(IFERROR(VLOOKUP($B6,Morning_Shift!$B$4:$BJ$61,MATCH(Both_Shift_Roster!BE$2,Morning_Shift!$B$2:$BJ$2,0),0),"")="",IFERROR(VLOOKUP($B6,Evening_Shift!$B$4:$BJ$59,MATCH(Both_Shift_Roster!BE$2,Evening_Shift!$B$2:$BJ$2,0),0),""),IFERROR(VLOOKUP($B6,Morning_Shift!$B$4:$BJ$61,MATCH(Both_Shift_Roster!BE$2,Morning_Shift!$B$2:$BJ$2,0),0),"")) -> 10:00-17:30 | BF6: =COUNTIF($BC6:$BE6,"Agent Choice WO") -> 0 | BG6: =COUNTIF($BC6:$BE6,"TL Choice WO") -> 0 | BH6: =COUNTIF($BC6:$BE6,"CL") -> 0 | BI6: =COUNTIF($BC6:$BE6,"HD") -> 0 | BJ6: =COUNTIF($BC6:$BE6,"LP") -> 0
A7: =A6+1 -> 4 | B7: =Morning_Shift!$B7 -> Dritm103 | C7: =IF(IFERROR(VLOOKUP(B7,Morning_Shift!B:C,2,0),"")="",IFERROR(VLOOKUP(B7,Evening_Shift!B:C,2,0),""),IFERROR(VLOOKUP(B7,Morning_Shift!B:C,2,0),"")) -> Anjana Thakur | D7: =IF(IFERROR(VLOOKUP(B7,Morning_Shift!B:D,3,0),"")="",IFERROR(VLOOKUP(B7,Evening_Shift!B:D,3,0),""),IFERROR(VLOOKUP(B7,Morning_Shift!B:D,3,0),"")) -> Naina | E7: =IF(IFERROR(VLOOKUP(B7,Morning_Shift!B:E,4,0),"")="",IFERROR(VLOOKUP(B7,Evening_Shift!B:E,4,0),""),IFERROR(VLOOKUP(B7,Morning_Shift!B:E,4,0),"")) -> F | F7: =IF(IFERROR(VLOOKUP(B7,Morning_Shift!B:F,5,0),"")="",IFERROR(VLOOKUP(B7,Evening_Shift!B:F,5,0),""),IFERROR(VLOOKUP(B7,Morning_Shift!B:F,5,0),"")) -> Inbound | G7: =IF(IFERROR(VLOOKUP($B7,Morning_Shift!$B$4:$BJ$61,MATCH(Both_Shift_Roster!G$2,Morning_Shift!$B$2:$BJ$2,0),0),"")="",IFERROR(VLOOKUP($B7,Evening_Shift!$B$4:$BJ$62,MATCH(Both_Shift_Roster!G$2,Evening_Shift!$B$2:$BJ$2,0),0),""),IFERROR(VLOOKUP($B7,Morning_Shift!$B$4:$BJ$61,MATCH(Both_Shift_Roster!G$2,Morning_Shift!$B$2:$BJ$2,0),0),"")) -> HD | H7: =IF(IFERROR(VLOOKUP($B7,Morning_Shift!$B$4:$BJ$61,MATCH(Both_Shift_Roster!H$2,Morning_Shift!$B$2:$BJ$2,0),0),"")="",IFERROR(VLOOKUP($B7,Evening_Shift!$B$4:$BJ$62,MATCH(Both_Shift_Roster!H$2,Evening_Shift!$B$2:$BJ$2,0),0),""),IFERROR(VLOOKUP($B7,Morning_Shift!$B$4:$BJ$61,MATCH(Both_Shift_Roster!H$2,Morning_Shift!$B$2:$BJ$2,0),0),"")) -> Agent Choice WO | I7: =IF(IFERROR(VLOOKUP($B7,Morning_Shift!$B$4:$BJ$61,MATCH(Both_Shift_Roster!I$2,Morning_Shift!$B$2:$BJ$2,0),0),"")="",IFERROR(VLOOKUP($B7,Evening_Shift!$B$4:$BJ$62,MATCH(Both_Shift_Roster!I$2,Evening_Shift!$B$2:$BJ$2,0),0),""),IFERROR(VLOOKUP($B7,Morning_Shift!$B$4:$BJ$61,MATCH(Both_Shift_Roster!I$2,Morning_Shift!$B$2:$BJ$2,0),0),"")) -> 7:00-14:30 | J7: =IF(IFERROR(VLOOKUP($B7,Morning_Shift!$B$4:$BJ$61,MATCH(Both_Shift_Roster!J$2,Morning_Shift!$B$2:$BJ$2,0),0),"")="",IFERROR(VLOOKUP($B7,Evening_Shift!$B$4:$BJ$62,MATCH(Both_Shift_Roster!J$2,Evening_Shift!$B$2:$BJ$2,0),0),""),IFERROR(VLOOKUP($B7,Morning_Shift!$B$4:$BJ$61,MATCH(Both_Shift_Roster!J$2,Morning_Shift!$B$2:$BJ$2,0),0),"")) -> 7:00-14:30 | K7: =IF(IFERROR(VLOOKUP($B7,Morning_Shift!$B$4:$BJ$61,MATCH(Both_Shift_Roster!K$2,Morning_Shift!$B$2:$BJ$2,0),0),"")="",IFERROR(VLOOKUP($B7,Evening_Shift!$B$4:$BJ$62,MATCH(Both_Shift_Roster!K$2,Evening_Shift!$B$2:$BJ$2,0),0),""),IFERROR(VLOOKUP($B7,Morning_Shift!$B$4:$BJ$61,MATCH(Both_Shift_Roster!K$2,Morning_Shift!$B$2:$BJ$2,0),0),"")) -> 7:00-14:30 | L7: =IF(IFERROR(VLOOKUP($B7,Morning_Shift!$B$4:$BJ$61,MATCH(Both_Shift_Roster!L$2,Morning_Shift!$B$2:$BJ$2,0),0),"")="",IFERROR(VLOOKUP($B7,Evening_Shift!$B$4:$BJ$62,MATCH(Both_Shift_Roster!L$2,Evening_Shift!$B$2:$BJ$2,0),0),""),IFERROR(VLOOKUP($B7,Morning_Shift!$B$4:$BJ$61,MATCH(Both_Shift_Roster!L$2,Morning_Shift!$B$2:$BJ$2,0),0),"")) -> 7:00-14:30 | M7: =IF(IFERROR(VLOOKUP($B7,Morning_Shift!$B$4:$BJ$61,MATCH(Both_Shift_Roster!M$2,Morning_Shift!$B$2:$BJ$2,0),0),"")="",IFERROR(VLOOKUP($B7,Evening_Shift!$B$4:$BJ$62,MATCH(Both_Shift_Roster!M$2,Evening_Shift!$B$2:$BJ$2,0),0),""),IFERROR(VLOOKUP($B7,Morning_Shift!$B$4:$BJ$61,MATCH(Both_Shift_Roster!M$2,Morning_Shift!$B$2:$BJ$2,0),0),"")) -> 7:00-14:30 | N7: =COUNTIF($G7:$M7,"Agent Choice WO") -> 1 | O7: =COUNTIF($G7:$M7,"TL Choice WO") -> 0 | P7: =COUNTIF($G7:$M7,"CL") -> 0 | Q7: =COUNTIF($G7:$M7,"HD") -> 1 | R7: =COUNTIF($G7:$M7,"LP") -> 0 | S7: =IF(IFERROR(VLOOKUP($B7,Morning_Shift!$B$4:$BJ$61,MATCH(Both_Shift_Roster!S$2,Morning_Shift!$B$2:$BJ$2,0),0),"")="",IFERROR(VLOOKUP($B7,Evening_Shift!$B$4:$BJ$62,MATCH(Both_Shift_Roster!S$2,Evening_Shift!$B$2:$BJ$2,0),0),""),IFERROR(VLOOKUP($B7,Morning_Shift!$B$4:$BJ$61,MATCH(Both_Shift_Roster!S$2,Morning_Shift!$B$2:$BJ$2,0),0),"")) -> 7:00-14:30 | T7: =IF(IFERROR(VLOOKUP($B7,Morning_Shift!$B$4:$BJ$61,MATCH(Both_Shift_Roster!T$2,Morning_Shift!$B$2:$BJ$2,0),0),"")="",IFERROR(VLOOKUP($B7,Evening_Shift!$B$4:$BJ$62,MATCH(Both_Shift_Roster!T$2,Evening_Shift!$B$2:$BJ$2,0),0),""),IFERROR(VLOOKUP($B7,Morning_Shift!$B$4:$BJ$61,MATCH(Both_Shift_Roster!T$2,Morning_Shift!$B$2:$BJ$2,0),0),"")) -> 7:00-14:30 | U7: =IF(IFERROR(VLOOKUP($B7,Morning_Shift!$B$4:$BJ$61,MATCH(Both_Shift_Roster!U$2,Morning_Shift!$B$2:$BJ$2,0),0),"")="",IFERROR(VLOOKUP($B7,Evening_Shift!$B$4:$BJ$62,MATCH(Both_Shift_Roster!U$2,Evening_Shift!$B$2:$BJ$2,0),0),""),IFERROR(VLOOKUP($B7,Morning_Shift!$B$4:$BJ$61,MATCH(Both_Shift_Roster!U$2,Morning_Shift!$B$2:$BJ$2,0),0),"")) -> 7:00-14:30 | V7: =IF(IFERROR(VLOOKUP($B7,Morning_Shift!$B$4:$BJ$61,MATCH(Both_Shift_Roster!V$2,Morning_Shift!$B$2:$BJ$2,0),0),"")="",IFERROR(VLOOKUP($B7,Evening_Shift!$B$4:$BJ$62,MATCH(Both_Shift_Roster!V$2,Evening_Shift!$B$2:$BJ$2,0),0),""),IFERROR(VLOOKUP($B7,Morning_Shift!$B$4:$BJ$61,MATCH(Both_Shift_Roster!V$2,Morning_Shift!$B$2:$BJ$2,0),0),"")) -> 7:00-14:30 | W7: =IF(IFERROR(VLOOKUP($B7,Morning_Shift!$B$4:$BJ$61,MATCH(Both_Shift_Roster!W$2,Morning_Shift!$B$2:$BJ$2,0),0),"")="",IFERROR(VLOOKUP($B7,Evening_Shift!$B$4:$BJ$62,MATCH(Both_Shift_Roster!W$2,Evening_Shift!$B$2:$BJ$2,0),0),""),IFERROR(VLOOKUP($B7,Morning_Shift!$B$4:$BJ$61,MATCH(Both_Shift_Roster!W$2,Morning_Shift!$B$2:$BJ$2,0),0),"")) -> 7:00-14:30 | X7: =IF(IFERROR(VLOOKUP($B7,Morning_Shift!$B$4:$BJ$61,MATCH(Both_Shift_Roster!X$2,Morning_Shift!$B$2:$BJ$2,0),0),"")="",IFERROR(VLOOKUP($B7,Evening_Shift!$B$4:$BJ$62,MATCH(Both_Shift_Roster!X$2,Evening_Shift!$B$2:$BJ$2,0),0),""),IFERROR(VLOOKUP($B7,Morning_Shift!$B$4:$BJ$61,MATCH(Both_Shift_Roster!X$2,Morning_Shift!$B$2:$BJ$2,0),0),"")) -> Agent Choice WO | Y7: =IF(IFERROR(VLOOKUP($B7,Morning_Shift!$B$4:$BJ$61,MATCH(Both_Shift_Roster!Y$2,Morning_Shift!$B$2:$BJ$2,0),0),"")="",IFERROR(VLOOKUP($B7,Evening_Shift!$B$4:$BJ$62,MATCH(Both_Shift_Roster!Y$2,Evening_Shift!$B$2:$BJ$2,0),0),""),IFERROR(VLOOKUP($B7,Morning_Shift!$B$4:$BJ$61,MATCH(Both_Shift_Roster!Y$2,Morning_Shift!$B$2:$BJ$2,0),0),"")) -> 7:00-14:30 | Z7: =COUNTIF($S7:$Y7,"Agent Choice WO") -> 1 | AA7: =COUNTIF($S7:$Y7,"TL Choice WO") -> 0 | AB7: =COUNTIF($S7:$Y7,"CL") -> 0 | AC7: =COUNTIF($S7:$Y7,"HD") -> 0 | AD7: =COUNTIF($S7:$Y7,"LP") -> 0 | AE7: =IF(IFERROR(VLOOKUP($B7,Morning_Shift!$B$4:$BJ$61,MATCH(Both_Shift_Roster!AE$2,Morning_Shift!$B$2:$BJ$2,0),0),"")="",IFERROR(VLOOKUP($B7,Evening_Shift!$B$4:$BJ$62,MATCH(Both_Shift_Roster!AE$2,Evening_Shift!$B$2:$BJ$2,0),0),""),IFERROR(VLOOKUP($B7,Morning_Shift!$B$4:$BJ$61,MATCH(Both_Shift_Roster!AE$2,Morning_Shift!$B$2:$BJ$2,0),0),"")) -> 7:00-14:30 | AF7: =IF(IFERROR(VLOOKUP($B7,Morning_Shift!$B$4:$BJ$61,MATCH(Both_Shift_Roster!AF$2,Morning_Shift!$B$2:$BJ$2,0),0),"")="",IFERROR(VLOOKUP($B7,Evening_Shift!$B$4:$BJ$62,MATCH(Both_Shift_Roster!AF$2,Evening_Shift!$B$2:$BJ$2,0),0),""),IFERROR(VLOOKUP($B7,Morning_Shift!$B$4:$BJ$61,MATCH(Both_Shift_Roster!AF$2,Morning_Shift!$B$2:$BJ$2,0),0),"")) -> 7:00-14:30 | AG7: =IF(IFERROR(VLOOKUP($B7,Morning_Shift!$B$4:$BJ$61,MATCH(Both_Shift_Roster!AG$2,Morning_Shift!$B$2:$BJ$2,0),0),"")="",IFERROR(VLOOKUP($B7,Evening_Shift!$B$4:$BJ$62,MATCH(Both_Shift_Roster!AG$2,Evening_Shift!$B$2:$BJ$2,0),0),""),IFERROR(VLOOKUP($B7,Morning_Shift!$B$4:$BJ$61,MATCH(Both_Shift_Roster!AG$2,Morning_Shift!$B$2:$BJ$2,0),0),"")) -> 7:00-14:30 | AH7: =IF(IFERROR(VLOOKUP($B7,Morning_Shift!$B$4:$BJ$61,MATCH(Both_Shift_Roster!AH$2,Morning_Shift!$B$2:$BJ$2,0),0),"")="",IFERROR(VLOOKUP($B7,Evening_Shift!$B$4:$BJ$62,MATCH(Both_Shift_Roster!AH$2,Evening_Shift!$B$2:$BJ$2,0),0),""),IFERROR(VLOOKUP($B7,Morning_Shift!$B$4:$BJ$61,MATCH(Both_Shift_Roster!AH$2,Morning_Shift!$B$2:$BJ$2,0),0),"")) -> 7:00-14:30 | AI7: =IF(IFERROR(VLOOKUP($B7,Morning_Shift!$B$4:$BJ$61,MATCH(Both_Shift_Roster!AI$2,Morning_Shift!$B$2:$BJ$2,0),0),"")="",IFERROR(VLOOKUP($B7,Evening_Shift!$B$4:$BJ$62,MATCH(Both_Shift_Roster!AI$2,Evening_Shift!$B$2:$BJ$2,0),0),""),IFERROR(VLOOKUP($B7,Morning_Shift!$B$4:$BJ$61,MATCH(Both_Shift_Roster!AI$2,Morning_Shift!$B$2:$BJ$2,0),0),"")) -> 7:00-14:30 | AJ7: =IF(IFERROR(VLOOKUP($B7,Morning_Shift!$B$4:$BJ$61,MATCH(Both_Shift_Roster!AJ$2,Morning_Shift!$B$2:$BJ$2,0),0),"")="",IFERROR(VLOOKUP($B7,Evening_Shift!$B$4:$BJ$62,MATCH(Both_Shift_Roster!AJ$2,Evening_Shift!$B$2:$BJ$2,0),0),""),IFERROR(VLOOKUP($B7,Morning_Shift!$B$4:$BJ$61,MATCH(Both_Shift_Roster!AJ$2,Morning_Shift!$B$2:$BJ$2,0),0),"")) -> 7:00-14:30 | AK7: =IF(IFERROR(VLOOKUP($B7,Morning_Shift!$B$4:$BJ$61,MATCH(Both_Shift_Roster!AK$2,Morning_Shift!$B$2:$BJ$2,0),0),"")="",IFERROR(VLOOKUP($B7,Evening_Shift!$B$4:$BJ$62,MATCH(Both_Shift_Roster!AK$2,Evening_Shift!$B$2:$BJ$2,0),0),""),IFERROR(VLOOKUP($B7,Morning_Shift!$B$4:$BJ$61,MATCH(Both_Shift_Roster!AK$2,Morning_Shift!$B$2:$BJ$2,0),0),"")) -> 7:00-14:30 | AL7: =COUNTIF($AE7:$AK7,"Agent Choice WO") -> 0 | AM7: =COUNTIF($AE7:$AK7,"TL Choice WO") -> 0 | AN7: =COUNTIF($AE7:$AK7,"CL") -> 0 | AO7: =COUNTIF($AE7:$AK7,"HD") -> 0 | AP7: =COUNTIF($AE7:$AK7,"LP") -> 0 | AQ7: =IF(IFERROR(VLOOKUP($B7,Morning_Shift!$B$4:$BJ$61,MATCH(Both_Shift_Roster!AQ$2,Morning_Shift!$B$2:$BJ$2,0),0),"")="",IFERROR(VLOOKUP($B7,Evening_Shift!$B$4:$BJ$62,MATCH(Both_Shift_Roster!AQ$2,Evening_Shift!$B$2:$BJ$2,0),0),""),IFERROR(VLOOKUP($B7,Morning_Shift!$B$4:$BJ$61,MATCH(Both_Shift_Roster!AQ$2,Morning_Shift!$B$2:$BJ$2,0),0),"")) -> 7:00-14:30 | AR7: =IF(IFERROR(VLOOKUP($B7,Morning_Shift!$B$4:$BJ$61,MATCH(Both_Shift_Roster!AR$2,Morning_Shift!$B$2:$BJ$2,0),0),"")="",IFERROR(VLOOKUP($B7,Evening_Shift!$B$4:$BJ$62,MATCH(Both_Shift_Roster!AR$2,Evening_Shift!$B$2:$BJ$2,0),0),""),IFERROR(VLOOKUP($B7,Morning_Shift!$B$4:$BJ$61,MATCH(Both_Shift_Roster!AR$2,Morning_Shift!$B$2:$BJ$2,0),0),"")) -> 7:00-14:30 | AS7: =IF(IFERROR(VLOOKUP($B7,Morning_Shift!$B$4:$BJ$61,MATCH(Both_Shift_Roster!AS$2,Morning_Shift!$B$2:$BJ$2,0),0),"")="",IFERROR(VLOOKUP($B7,Evening_Shift!$B$4:$BJ$62,MATCH(Both_Shift_Roster!AS$2,Evening_Shift!$B$2:$BJ$2,0),0),""),IFERROR(VLOOKUP($B7,Morning_Shift!$B$4:$BJ$61,MATCH(Both_Shift_Roster!AS$2,Morning_Shift!$B$2:$BJ$2,0),0),"")) -> 7:00-14:30 | AT7: =IF(IFERROR(VLOOKUP($B7,Morning_Shift!$B$4:$BJ$61,MATCH(Both_Shift_Roster!AT$2,Morning_Shift!$B$2:$BJ$2,0),0),"")="",IFERROR(VLOOKUP($B7,Evening_Shift!$B$4:$BJ$62,MATCH(Both_Shift_Roster!AT$2,Evening_Shift!$B$2:$BJ$2,0),0),""),IFERROR(VLOOKUP($B7,Morning_Shift!$B$4:$BJ$61,MATCH(Both_Shift_Roster!AT$2,Morning_Shift!$B$2:$BJ$2,0),0),"")) -> 7:00-14:30 | AU7: =IF(IFERROR(VLOOKUP($B7,Morning_Shift!$B$4:$BJ$61,MATCH(Both_Shift_Roster!AU$2,Morning_Shift!$B$2:$BJ$2,0),0),"")="",IFERROR(VLOOKUP($B7,Evening_Shift!$B$4:$BJ$62,MATCH(Both_Shift_Roster!AU$2,Evening_Shift!$B$2:$BJ$2,0),0),""),IFERROR(VLOOKUP($B7,Morning_Shift!$B$4:$BJ$61,MATCH(Both_Shift_Roster!AU$2,Morning_Shift!$B$2:$BJ$2,0),0),"")) -> 7:00-14:30 | AV7: =IF(IFERROR(VLOOKUP($B7,Morning_Shift!$B$4:$BJ$61,MATCH(Both_Shift_Roster!AV$2,Morning_Shift!$B$2:$BJ$2,0),0),"")="",IFERROR(VLOOKUP($B7,Evening_Shift!$B$4:$BJ$62,MATCH(Both_Shift_Roster!AV$2,Evening_Shift!$B$2:$BJ$2,0),0),""),IFERROR(VLOOKUP($B7,Morning_Shift!$B$4:$BJ$61,MATCH(Both_Shift_Roster!AV$2,Morning_Shift!$B$2:$BJ$2,0),0),"")) -> Agent Choice WO | AW7: =IF(IFERROR(VLOOKUP($B7,Morning_Shift!$B$4:$BJ$61,MATCH(Both_Shift_Roster!AW$2,Morning_Shift!$B$2:$BJ$2,0),0),"")="",IFERROR(VLOOKUP($B7,Evening_Shift!$B$4:$BJ$62,MATCH(Both_Shift_Roster!AW$2,Evening_Shift!$B$2:$BJ$2,0),0),""),IFERROR(VLOOKUP($B7,Morning_Shift!$B$4:$BJ$61,MATCH(Both_Shift_Roster!AW$2,Morning_Shift!$B$2:$BJ$2,0),0),"")) -> Agent Choice WO | AX7: =COUNTIF($AQ7:$AW7,"Agent Choice WO") -> 2 | AY7: =COUNTIF($AQ7:$AW7,"TL Choice WO") -> 0 | AZ7: =COUNTIF($AQ7:$AW7,"CL") -> 0 | BA7: =COUNTIF($AQ7:$AW7,"HD") -> 0 | BB7: =COUNTIF($AQ7:$AW7,"LP") -> 0 | BC7: =IF(IFERROR(VLOOKUP($B7,Morning_Shift!$B$4:$BJ$61,MATCH(Both_Shift_Roster!BC$2,Morning_Shift!$B$2:$BJ$2,0),0),"")="",IFERROR(VLOOKUP($B7,Evening_Shift!$B$4:$BJ$62,MATCH(Both_Shift_Roster!BC$2,Evening_Shift!$B$2:$BJ$2,0),0),""),IFERROR(VLOOKUP($B7,Morning_Shift!$B$4:$BJ$61,MATCH(Both_Shift_Roster!BC$2,Morning_Shift!$B$2:$BJ$2,0),0),"")) -> 7:00-14:30 | BD7: =IF(IFERROR(VLOOKUP($B7,Morning_Shift!$B$4:$BJ$61,MATCH(Both_Shift_Roster!BD$2,Morning_Shift!$B$2:$BJ$2,0),0),"")="",IFERROR(VLOOKUP($B7,Evening_Shift!$B$4:$BJ$62,MATCH(Both_Shift_Roster!BD$2,Evening_Shift!$B$2:$BJ$2,0),0),""),IFERROR(VLOOKUP($B7,Morning_Shift!$B$4:$BJ$61,MATCH(Both_Shift_Roster!BD$2,Morning_Shift!$B$2:$BJ$2,0),0),"")) -> 7:00-14:30 | BE7: =IF(IFERROR(VLOOKUP($B7,Morning_Shift!$B$4:$BJ$61,MATCH(Both_Shift_Roster!BE$2,Morning_Shift!$B$2:$BJ$2,0),0),"")="",IFERROR(VLOOKUP($B7,Evening_Shift!$B$4:$BJ$59,MATCH(Both_Shift_Roster!BE$2,Evening_Shift!$B$2:$BJ$2,0),0),""),IFERROR(VLOOKUP($B7,Morning_Shift!$B$4:$BJ$61,MATCH(Both_Shift_Roster!BE$2,Morning_Shift!$B$2:$BJ$2,0),0),"")) -> 7:00-14:30 | BF7: =COUNTIF($BC7:$BE7,"Agent Choice WO") -> 0 | BG7: =COUNTIF($BC7:$BE7,"TL Choice WO") -> 0 | BH7: =COUNTIF($BC7:$BE7,"CL") -> 0 | BI7: =COUNTIF($BC7:$BE7,"HD") -> 0 | BJ7: =COUNTIF($BC7:$BE7,"LP") -> 0
A8: =A7+1 -> 5 | B8: =Morning_Shift!$B8 -> Dritm01 | C8: =IF(IFERROR(VLOOKUP(B8,Morning_Shift!B:C,2,0),"")="",IFERROR(VLOOKUP(B8,Evening_Shift!B:C,2,0),""),IFERROR(VLOOKUP(B8,Morning_Shift!B:C,2,0),"")) -> Ankita | D8: =IF(IFERROR(VLOOKUP(B8,Morning_Shift!B:D,3,0),"")="",IFERROR(VLOOKUP(B8,Evening_Shift!B:D,3,0),""),IFERROR(VLOOKUP(B8,Morning_Shift!B:D,3,0),"")) -> Naina | E8: =IF(IFERROR(VLOOKUP(B8,Morning_Shift!B:E,4,0),"")="",IFERROR(VLOOKUP(B8,Evening_Shift!B:E,4,0),""),IFERROR(VLOOKUP(B8,Morning_Shift!B:E,4,0),"")) -> F | F8: =IF(IFERROR(VLOOKUP(B8,Morning_Shift!B:F,5,0),"")="",IFERROR(VLOOKUP(B8,Evening_Shift!B:F,5,0),""),IFERROR(VLOOKUP(B8,Morning_Shift!B:F,5,0),"")) -> Inbound | G8: =IF(IFERROR(VLOOKUP($B8,Morning_Shift!$B$4:$BJ$61,MATCH(Both_Shift_Roster!G$2,Morning_Shift!$B$2:$BJ$2,0),0),"")="",IFERROR(VLOOKUP($B8,Evening_Shift!$B$4:$BJ$62,MATCH(Both_Shift_Roster!G$2,Evening_Shift!$B$2:$BJ$2,0),0),""),IFERROR(VLOOKUP($B8,Morning_Shift!$B$4:$BJ$61,MATCH(Both_Shift_Roster!G$2,Morning_Shift!$B$2:$BJ$2,0),0),"")) -> 7:00-14:30 | H8: =IF(IFERROR(VLOOKUP($B8,Morning_Shift!$B$4:$BJ$61,MATCH(Both_Shift_Roster!H$2,Morning_Shift!$B$2:$BJ$2,0),0),"")="",IFERROR(VLOOKUP($B8,Evening_Shift!$B$4:$BJ$62,MATCH(Both_Shift_Roster!H$2,Evening_Shift!$B$2:$BJ$2,0),0),""),IFERROR(VLOOKUP($B8,Morning_Shift!$B$4:$BJ$61,MATCH(Both_Shift_Roster!H$2,Morning_Shift!$B$2:$BJ$2,0),0),"")) -> 7:00-14:30 | I8: =IF(IFERROR(VLOOKUP($B8,Morning_Shift!$B$4:$BJ$61,MATCH(Both_Shift_Roster!I$2,Morning_Shift!$B$2:$BJ$2,0),0),"")="",IFERROR(VLOOKUP($B8,Evening_Shift!$B$4:$BJ$62,MATCH(Both_Shift_Roster!I$2,Evening_Shift!$B$2:$BJ$2,0),0),""),IFERROR(VLOOKUP($B8,Morning_Shift!$B$4:$BJ$61,MATCH(Both_Shift_Roster!I$2,Morning_Shift!$B$2:$BJ$2,0),0),"")) -> 7:00-14:30 | J8: =IF(IFERROR(VLOOKUP($B8,Morning_Shift!$B$4:$BJ$61,MATCH(Both_Shift_Roster!J$2,Morning_Shift!$B$2:$BJ$2,0),0),"")="",IFERROR(VLOOKUP($B8,Evening_Shift!$B$4:$BJ$62,MATCH(Both_Shift_Roster!J$2,Evening_Shift!$B$2:$BJ$2,0),0),""),IFERROR(VLOOKUP($B8,Morning_Shift!$B$4:$BJ$61,MATCH(Both_Shift_Roster!J$2,Morning_Shift!$B$2:$BJ$2,0),0),"")) -> 7:00-14:30 | K8: =IF(IFERROR(VLOOKUP($B8,Morning_Shift!$B$4:$BJ$61,MATCH(Both_Shift_Roster!K$2,Morning_Shift!$B$2:$BJ$2,0),0),"")="",IFERROR(VLOOKUP($B8,Evening_Shift!$B$4:$BJ$62,MATCH(Both_Shift_Roster!K$2,Evening_Shift!$B$2:$BJ$2,0),0),""),IFERROR(VLOOKUP($B8,Morning_Shift!$B$4:$BJ$61,MATCH(Both_Shift_Roster!K$2,Morning_Shift!$B$2:$BJ$2,0),0),"")) -> 7:00-14:30 | L8: =IF(IFERROR(VLOOKUP($B8,Morning_Shift!$B$4:$BJ$61,MATCH(Both_Shift_Roster!L$2,Morning_Shift!$B$2:$BJ$2,0),0),"")="",IFERROR(VLOOKUP($B8,Evening_Shift!$B$4:$BJ$62,MATCH(Both_Shift_Roster!L$2,Evening_Shift!$B$2:$BJ$2,0),0),""),IFERROR(VLOOKUP($B8,Morning_Shift!$B$4:$BJ$61,MATCH(Both_Shift_Roster!L$2,Morning_Shift!$B$2:$BJ$2,0),0),"")) -> Agent Choice WO | M8: =IF(IFERROR(VLOOKUP($B8,Morning_Shift!$B$4:$BJ$61,MATCH(Both_Shift_Roster!M$2,Morning_Shift!$B$2:$BJ$2,0),0),"")="",IFERROR(VLOOKUP($B8,Evening_Shift!$B$4:$BJ$62,MATCH(Both_Shift_Roster!M$2,Evening_Shift!$B$2:$BJ$2,0),0),""),IFERROR(VLOOKUP($B8,Morning_Shift!$B$4:$BJ$61,MATCH(Both_Shift_Roster!M$2,Morning_Shift!$B$2:$BJ$2,0),0),"")) -> Agent Choice WO | N8: =COUNTIF($G8:$M8,"Agent Choice WO") -> 2 | O8: =COUNTIF($G8:$M8,"TL Choice WO") -> 0 | P8: =COUNTIF($G8:$M8,"CL") -> 0 | Q8: =COUNTIF($G8:$M8,"HD") -> 0 | R8: =COUNTIF($G8:$M8,"LP") -> 0 | S8: =IF(IFERROR(VLOOKUP($B8,Morning_Shift!$B$4:$BJ$61,MATCH(Both_Shift_Roster!S$2,Morning_Shift!$B$2:$BJ$2,0),0),"")="",IFERROR(VLOOKUP($B8,Evening_Shift!$B$4:$BJ$62,MATCH(Both_Shift_Roster!S$2,Evening_Shift!$B$2:$BJ$2,0),0),""),IFERROR(VLOOKUP($B8,Morning_Shift!$B$4:$BJ$61,MATCH(Both_Shift_Roster!S$2,Morning_Shift!$B$2:$BJ$2,0),0),"")) -> Agent Choice WO | T8: =IF(IFERROR(VLOOKUP($B8,Morning_Shift!$B$4:$BJ$61,MATCH(Both_Shift_Roster!T$2,Morning_Shift!$B$2:$BJ$2,0),0),"")="",IFERROR(VLOOKUP($B8,Evening_Shift!$B$4:$BJ$62,MATCH(Both_Shift_Roster!T$2,Evening_Shift!$B$2:$BJ$2,0),0),""),IFERROR(VLOOKUP($B8,Morning_Shift!$B$4:$BJ$61,MATCH(Both_Shift_Roster!T$2,Morning_Shift!$B$2:$BJ$2,0),0),"")) -> Agent Choice WO | U8: =IF(IFERROR(VLOOKUP($B8,Morning_Shift!$B$4:$BJ$61,MATCH(Both_Shift_Roster!U$2,Morning_Shift!$B$2:$BJ$2,0),0),"")="",IFERROR(VLOOKUP($B8,Evening_Shift!$B$4:$BJ$62,MATCH(Both_Shift_Roster!U$2,Evening_Shift!$B$2:$BJ$2,0),0),""),IFERROR(VLOOKUP($B8,Morning_Shift!$B$4:$BJ$61,MATCH(Both_Shift_Roster!U$2,Morning_Shift!$B$2:$BJ$2,0),0),"")) -> 7:00-14:30 | V8: =IF(IFERROR(VLOOKUP($B8,Morning_Shift!$B$4:$BJ$61,MATCH(Both_Shift_Roster!V$2,Morning_Shift!$B$2:$BJ$2,0),0),"")="",IFERROR(VLOOKUP($B8,Evening_Shift!$B$4:$BJ$62,MATCH(Both_Shift_Roster!V$2,Evening_Shift!$B$2:$BJ$2,0),0),""),IFERROR(VLOOKUP($B8,Morning_Shift!$B$4:$BJ$61,MATCH(Both_Shift_Roster!V$2,Morning_Shift!$B$2:$BJ$2,0),0),"")) -> 7:00-14:30 | W8: =IF(IFERROR(VLOOKUP($B8,Morning_Shift!$B$4:$BJ$61,MATCH(Both_Shift_Roster!W$2,Morning_Shift!$B$2:$BJ$2,0),0),"")="",IFERROR(VLOOKUP($B8,Evening_Shift!$B$4:$BJ$62,MATCH(Both_Shift_Roster!W$2,Evening_Shift!$B$2:$BJ$2,0),0),""),IFERROR(VLOOKUP($B8,Morning_Shift!$B$4:$BJ$61,MATCH(Both_Shift_Roster!W$2,Morning_Shift!$B$2:$BJ$2,0),0),"")) -> 7:00-14:30 | X8: =IF(IFERROR(VLOOKUP($B8,Morning_Shift!$B$4:$BJ$61,MATCH(Both_Shift_Roster!X$2,Morning_Shift!$B$2:$BJ$2,0),0),"")="",IFERROR(VLOOKUP($B8,Evening_Shift!$B$4:$BJ$62,MATCH(Both_Shift_Roster!X$2,Evening_Shift!$B$2:$BJ$2,0),0),""),IFERROR(VLOOKUP($B8,Morning_Shift!$B$4:$BJ$61,MATCH(Both_Shift_Roster!X$2,Morning_Shift!$B$2:$BJ$2,0),0),"")) -> 7:00-14:30 | Y8: =IF(IFERROR(VLOOKUP($B8,Morning_Shift!$B$4:$BJ$61,MATCH(Both_Shift_Roster!Y$2,Morning_Shift!$B$2:$BJ$2,0),0),"")="",IFERROR(VLOOKUP($B8,Evening_Shift!$B$4:$BJ$62,MATCH(Both_Shift_Roster!Y$2,Evening_Shift!$B$2:$BJ$2,0),0),""),IFERROR(VLOOKUP($B8,Morning_Shift!$B$4:$BJ$61,MATCH(Both_Shift_Roster!Y$2,Morning_Shift!$B$2:$BJ$2,0),0),"")) -> 7:00-14:30 | Z8: =COUNTIF($S8:$Y8,"Agent Choice WO") -> 2 | AA8: =COUNTIF($S8:$Y8,"TL Choice WO") -> 0 | AB8: =COUNTIF($S8:$Y8,"CL") -> 0 | AC8: =COUNTIF($S8:$Y8,"HD") -> 0 | AD8: =COUNTIF($S8:$Y8,"LP") -> 0 | AE8: =IF(IFERROR(VLOOKUP($B8,Morning_Shift!$B$4:$BJ$61,MATCH(Both_Shift_Roster!AE$2,Morning_Shift!$B$2:$BJ$2,0),0),"")="",IFERROR(VLOOKUP($B8,Evening_Shift!$B$4:$BJ$62,MATCH(Both_Shift_Roster!AE$2,Evening_Shift!$B$2:$BJ$2,0),0),""),IFERROR(VLOOKUP($B8,Morning_Shift!$B$4:$BJ$61,MATCH(Both_Shift_Roster!AE$2,Morning_Shift!$B$2:$BJ$2,0),0),"")) -> 7:00-14:30 | AF8: =IF(IFERROR(VLOOKUP($B8,Morning_Shift!$B$4:$BJ$61,MATCH(Both_Shift_Roster!AF$2,Morning_Shift!$B$2:$BJ$2,0),0),"")="",IFERROR(VLOOKUP($B8,Evening_Shift!$B$4:$BJ$62,MATCH(Both_Shift_Roster!AF$2,Evening_Shift!$B$2:$BJ$2,0),0),""),IFERROR(VLOOKUP($B8,Morning_Shift!$B$4:$BJ$61,MATCH(Both_Shift_Roster!AF$2,Morning_Shift!$B$2:$BJ$2,0),0),"")) -> 7:00-14:30 | AG8: =IF(IFERROR(VLOOKUP($B8,Morning_Shift!$B$4:$BJ$61,MATCH(Both_Shift_Roster!AG$2,Morning_Shift!$B$2:$BJ$2,0),0),"")="",IFERROR(VLOOKUP($B8,Evening_Shift!$B$4:$BJ$62,MATCH(Both_Shift_Roster!AG$2,Evening_Shift!$B$2:$BJ$2,0),0),""),IFERROR(VLOOKUP($B8,Morning_Shift!$B$4:$BJ$61,MATCH(Both_Shift_Roster!AG$2,Morning_Shift!$B$2:$BJ$2,0),0),"")) -> 7:00-14:30 | AH8: =IF(IFERROR(VLOOKUP($B8,Morning_Shift!$B$4:$BJ$61,MATCH(Both_Shift_Roster!AH$2,Morning_Shift!$B$2:$BJ$2,0),0),"")="",IFERROR(VLOOKUP($B8,Evening_Shift!$B$4:$BJ$62,MATCH(Both_Shift_Roster!AH$2,Evening_Shift!$B$2:$BJ$2,0),0),""),IFERROR(VLOOKUP($B8,Morning_Shift!$B$4:$BJ$61,MATCH(Both_Shift_Roster!AH$2,Morning_Shift!$B$2:$BJ$2,0),0),"")) -> 7:00-14:30 | AI8: =IF(IFERROR(VLOOKUP($B8,Morning_Shift!$B$4:$BJ$61,MATCH(Both_Shift_Roster!AI$2,Morning_Shift!$B$2:$BJ$2,0),0),"")="",IFERROR(VLOOKUP($B8,Evening_Shift!$B$4:$BJ$62,MATCH(Both_Shift_Roster!AI$2,Evening_Shift!$B$2:$BJ$2,0),0),""),IFERROR(VLOOKUP($B8,Morning_Shift!$B$4:$BJ$61,MATCH(Both_Shift_Roster!AI$2,Morning_Shift!$B$2:$BJ$2,0),0),"")) -> 7:00-14:30 | AJ8: =IF(IFERROR(VLOOKUP($B8,Morning_Shift!$B$4:$BJ$61,MATCH(Both_Shift_Roster!AJ$2,Morning_Shift!$B$2:$BJ$2,0),0),"")="",IFERROR(VLOOKUP($B8,Evening_Shift!$B$4:$BJ$62,MATCH(Both_Shift_Roster!AJ$2,Evening_Shift!$B$2:$BJ$2,0),0),""),IFERROR(VLOOKUP($B8,Morning_Shift!$B$4:$BJ$61,MATCH(Both_Shift_Roster!AJ$2,Morning_Shift!$B$2:$BJ$2,0),0),"")) -> 7:00-14:30 | AK8: =IF(IFERROR(VLOOKUP($B8,Morning_Shift!$B$4:$BJ$61,MATCH(Both_Shift_Roster!AK$2,Morning_Shift!$B$2:$BJ$2,0),0),"")="",IFERROR(VLOOKUP($B8,Evening_Shift!$B$4:$BJ$62,MATCH(Both_Shift_Roster!AK$2,Evening_Shift!$B$2:$BJ$2,0),0),""),IFERROR(VLOOKUP($B8,Morning_Shift!$B$4:$BJ$61,MATCH(Both_Shift_Roster!AK$2,Morning_Shift!$B$2:$BJ$2,0),0),"")) -> Agent Choice WO | AL8: =COUNTIF($AE8:$AK8,"Agent Choice WO") -> 1 | AM8: =COUNTIF($AE8:$AK8,"TL Choice WO") -> 0 | AN8: =COUNTIF($AE8:$AK8,"CL") -> 0 | AO8: =COUNTIF($AE8:$AK8,"HD") -> 0 | AP8: =COUNTIF($AE8:$AK8,"LP") -> 0 | AQ8: =IF(IFERROR(VLOOKUP($B8,Morning_Shift!$B$4:$BJ$61,MATCH(Both_Shift_Roster!AQ$2,Morning_Shift!$B$2:$BJ$2,0),0),"")="",IFERROR(VLOOKUP($B8,Evening_Shift!$B$4:$BJ$62,MATCH(Both_Shift_Roster!AQ$2,Evening_Shift!$B$2:$BJ$2,0),0),""),IFERROR(VLOOKUP($B8,Morning_Shift!$B$4:$BJ$61,MATCH(Both_Shift_Roster!AQ$2,Morning_Shift!$B$2:$BJ$2,0),0),"")) -> 7:00-14:30 | AR8: =IF(IFERROR(VLOOKUP($B8,Morning_Shift!$B$4:$BJ$61,MATCH(Both_Shift_Roster!AR$2,Morning_Shift!$B$2:$BJ$2,0),0),"")="",IFERROR(VLOOKUP($B8,Evening_Shift!$B$4:$BJ$62,MATCH(Both_Shift_Roster!AR$2,Evening_Shift!$B$2:$BJ$2,0),0),""),IFERROR(VLOOKUP($B8,Morning_Shift!$B$4:$BJ$61,MATCH(Both_Shift_Roster!AR$2,Morning_Shift!$B$2:$BJ$2,0),0),"")) -> 7:00-14:30 | AS8: =IF(IFERROR(VLOOKUP($B8,Morning_Shift!$B$4:$BJ$61,MATCH(Both_Shift_Roster!AS$2,Morning_Shift!$B$2:$BJ$2,0),0),"")="",IFERROR(VLOOKUP($B8,Evening_Shift!$B$4:$BJ$62,MATCH(Both_Shift_Roster!AS$2,Evening_Shift!$B$2:$BJ$2,0),0),""),IFERROR(VLOOKUP($B8,Morning_Shift!$B$4:$BJ$61,MATCH(Both_Shift_Roster!AS$2,Morning_Shift!$B$2:$BJ$2,0),0),"")) -> 7:00-14:30 | AT8: =IF(IFERROR(VLOOKUP($B8,Morning_Shift!$B$4:$BJ$61,MATCH(Both_Shift_Roster!AT$2,Morning_Shift!$B$2:$BJ$2,0),0),"")="",IFERROR(VLOOKUP($B8,Evening_Shift!$B$4:$BJ$62,MATCH(Both_Shift_Roster!AT$2,Evening_Shift!$B$2:$BJ$2,0),0),""),IFERROR(VLOOKUP($B8,Morning_Shift!$B$4:$BJ$61,MATCH(Both_Shift_Roster!AT$2,Morning_Shift!$B$2:$BJ$2,0),0),"")) -> 7:00-14:30 | AU8: =IF(IFERROR(VLOOKUP($B8,Morning_Shift!$B$4:$BJ$61,MATCH(Both_Shift_Roster!AU$2,Morning_Shift!$B$2:$BJ$2,0),0),"")="",IFERROR(VLOOKUP($B8,Evening_Shift!$B$4:$BJ$62,MATCH(Both_Shift_Roster!AU$2,Evening_Shift!$B$2:$BJ$2,0),0),""),IFERROR(VLOOKUP($B8,Morning_Shift!$B$4:$BJ$61,MATCH(Both_Shift_Roster!AU$2,Morning_Shift!$B$2:$BJ$2,0),0),"")) -> 7:00-14:30 | AV8: =IF(IFERROR(VLOOKUP($B8,Morning_Shift!$B$4:$BJ$61,MATCH(Both_Shift_Roster!AV$2,Morning_Shift!$B$2:$BJ$2,0),0),"")="",IFERROR(VLOOKUP($B8,Evening_Shift!$B$4:$BJ$62,MATCH(Both_Shift_Roster!AV$2,Evening_Shift!$B$2:$BJ$2,0),0),""),IFERROR(VLOOKUP($B8,Morning_Shift!$B$4:$BJ$61,MATCH(Both_Shift_Roster!AV$2,Morning_Shift!$B$2:$BJ$2,0),0),"")) -> 7:00-14:30 | AW8: =IF(IFERROR(VLOOKUP($B8,Morning_Shift!$B$4:$BJ$61,MATCH(Both_Shift_Roster!AW$2,Morning_Shift!$B$2:$BJ$2,0),0),"")="",IFERROR(VLOOKUP($B8,Evening_Shift!$B$4:$BJ$62,MATCH(Both_Shift_Roster!AW$2,Evening_Shift!$B$2:$BJ$2,0),0),""),IFERROR(VLOOKUP($B8,Morning_Shift!$B$4:$BJ$61,MATCH(Both_Shift_Roster!AW$2,Morning_Shift!$B$2:$BJ$2,0),0),"")) -> 7:00-14:30 | AX8: =COUNTIF($AQ8:$AW8,"Agent Choice WO") -> 0 | AY8: =COUNTIF($AQ8:$AW8,"TL Choice WO") -> 0 | AZ8: =COUNTIF($AQ8:$AW8,"CL") -> 0 | BA8: =COUNTIF($AQ8:$AW8,"HD") -> 0 | BB8: =COUNTIF($AQ8:$AW8,"LP") -> 0 | BC8: =IF(IFERROR(VLOOKUP($B8,Morning_Shift!$B$4:$BJ$61,MATCH(Both_Shift_Roster!BC$2,Morning_Shift!$B$2:$BJ$2,0),0),"")="",IFERROR(VLOOKUP($B8,Evening_Shift!$B$4:$BJ$62,MATCH(Both_Shift_Roster!BC$2,Evening_Shift!$B$2:$BJ$2,0),0),""),IFERROR(VLOOKUP($B8,Morning_Shift!$B$4:$BJ$61,MATCH(Both_Shift_Roster!BC$2,Morning_Shift!$B$2:$BJ$2,0),0),"")) -> 7:00-14:30 | BD8: =IF(IFERROR(VLOOKUP($B8,Morning_Shift!$B$4:$BJ$61,MATCH(Both_Shift_Roster!BD$2,Morning_Shift!$B$2:$BJ$2,0),0),"")="",IFERROR(VLOOKUP($B8,Evening_Shift!$B$4:$BJ$62,MATCH(Both_Shift_Roster!BD$2,Evening_Shift!$B$2:$BJ$2,0),0),""),IFERROR(VLOOKUP($B8,Morning_Shift!$B$4:$BJ$61,MATCH(Both_Shift_Roster!BD$2,Morning_Shift!$B$2:$BJ$2,0),0),"")) -> 7:00-14:30 | BE8: =IF(IFERROR(VLOOKUP($B8,Morning_Shift!$B$4:$BJ$61,MATCH(Both_Shift_Roster!BE$2,Morning_Shift!$B$2:$BJ$2,0),0),"")="",IFERROR(VLOOKUP($B8,Evening_Shift!$B$4:$BJ$59,MATCH(Both_Shift_Roster!BE$2,Evening_Shift!$B$2:$BJ$2,0),0),""),IFERROR(VLOOKUP($B8,Morning_Shift!$B$4:$BJ$61,MATCH(Both_Shift_Roster!BE$2,Morning_Shift!$B$2:$BJ$2,0),0),"")) -> 7:00-14:30 | BF8: =COUNTIF($BC8:$BE8,"Agent Choice WO") -> 0 | BG8: =COUNTIF($BC8:$BE8,"TL Choice WO") -> 0 | BH8: =COUNTIF($BC8:$BE8,"CL") -> 0 | BI8: =COUNTIF($BC8:$BE8,"HD") -> 0 | BJ8: =COUNTIF($BC8:$BE8,"LP") -> 0
A9: =A8+1 -> 6 | B9: =Morning_Shift!$B9 -> Dritm92 | C9: =IF(IFERROR(VLOOKUP(B9,Morning_Shift!B:C,2,0),"")="",IFERROR(VLOOKUP(B9,Evening_Shift!B:C,2,0),""),IFERROR(VLOOKUP(B9,Morning_Shift!B:C,2,0),"")) -> Ankita | D9: =IF(IFERROR(VLOOKUP(B9,Morning_Shift!B:D,3,0),"")="",IFERROR(VLOOKUP(B9,Evening_Shift!B:D,3,0),""),IFERROR(VLOOKUP(B9,Morning_Shift!B:D,3,0),"")) -> Naina | E9: =IF(IFERROR(VLOOKUP(B9,Morning_Shift!B:E,4,0),"")="",IFERROR(VLOOKUP(B9,Evening_Shift!B:E,4,0),""),IFERROR(VLOOKUP(B9,Morning_Shift!B:E,4,0),"")) -> F | F9: =IF(IFERROR(VLOOKUP(B9,Morning_Shift!B:F,5,0),"")="",IFERROR(VLOOKUP(B9,Evening_Shift!B:F,5,0),""),IFERROR(VLOOKUP(B9,Morning_Shift!B:F,5,0),"")) -> Inbound | G9: =IF(IFERROR(VLOOKUP($B9,Morning_Shift!$B$4:$BJ$61,MATCH(Both_Shift_Roster!G$2,Morning_Shift!$B$2:$BJ$2,0),0),"")="",IFERROR(VLOOKUP($B9,Evening_Shift!$B$4:$BJ$62,MATCH(Both_Shift_Roster!G$2,Evening_Shift!$B$2:$BJ$2,0),0),""),IFERROR(VLOOKUP($B9,Morning_Shift!$B$4:$BJ$61,MATCH(Both_Shift_Roster!G$2,Morning_Shift!$B$2:$BJ$2,0),0),"")) -> 7:00-14:30 | H9: =IF(IFERROR(VLOOKUP($B9,Morning_Shift!$B$4:$BJ$61,MATCH(Both_Shift_Roster!H$2,Morning_Shift!$B$2:$BJ$2,0),0),"")="",IFERROR(VLOOKUP($B9,Evening_Shift!$B$4:$BJ$62,MATCH(Both_Shift_Roster!H$2,Evening_Shift!$B$2:$BJ$2,0),0),""),IFERROR(VLOOKUP($B9,Morning_Shift!$B$4:$BJ$61,MATCH(Both_Shift_Roster!H$2,Morning_Shift!$B$2:$BJ$2,0),0),"")) -> 7:00-14:30 | I9: =IF(IFERROR(VLOOKUP($B9,Morning_Shift!$B$4:$BJ$61,MATCH(Both_Shift_Roster!I$2,Morning_Shift!$B$2:$BJ$2,0),0),"")="",IFERROR(VLOOKUP($B9,Evening_Shift!$B$4:$BJ$62,MATCH(Both_Shift_Roster!I$2,Evening_Shift!$B$2:$BJ$2,0),0),""),IFERROR(VLOOKUP($B9,Morning_Shift!$B$4:$BJ$61,MATCH(Both_Shift_Roster!I$2,Morning_Shift!$B$2:$BJ$2,0),0),"")) -> 7:00-14:30 | J9: =IF(IFERROR(VLOOKUP($B9,Morning_Shift!$B$4:$BJ$61,MATCH(Both_Shift_Roster!J$2,Morning_Shift!$B$2:$BJ$2,0),0),"")="",IFERROR(VLOOKUP($B9,Evening_Shift!$B$4:$BJ$62,MATCH(Both_Shift_Roster!J$2,Evening_Shift!$B$2:$BJ$2,0),0),""),IFERROR(VLOOKUP($B9,Morning_Shift!$B$4:$BJ$61,MATCH(Both_Shift_Roster!J$2,Morning_Shift!$B$2:$BJ$2,0),0),"")) -> 7:00-14:30 | K9: =IF(IFERROR(VLOOKUP($B9,Morning_Shift!$B$4:$BJ$61,MATCH(Both_Shift_Roster!K$2,Morning_Shift!$B$2:$BJ$2,0),0),"")="",IFERROR(VLOOKUP($B9,Evening_Shift!$B$4:$BJ$62,MATCH(Both_Shift_Roster!K$2,Evening_Shift!$B$2:$BJ$2,0),0),""),IFERROR(VLOOKUP($B9,Morning_Shift!$B$4:$BJ$61,MATCH(Both_Shift_Roster!K$2,Morning_Shift!$B$2:$BJ$2,0),0),"")) -> 7:00-14:30 | L9: =IF(IFERROR(VLOOKUP($B9,Morning_Shift!$B$4:$BJ$61,MATCH(Both_Shift_Roster!L$2,Morning_Shift!$B$2:$BJ$2,0),0),"")="",IFERROR(VLOOKUP($B9,Evening_Shift!$B$4:$BJ$62,MATCH(Both_Shift_Roster!L$2,Evening_Shift!$B$2:$BJ$2,0),0),""),IFERROR(VLOOKUP($B9,Morning_Shift!$B$4:$BJ$61,MATCH(Both_Shift_Roster!L$2,Morning_Shift!$B$2:$BJ$2,0),0),"")) -> 7:00-14:30 | M9: =IF(IFERROR(VLOOKUP($B9,Morning_Shift!$B$4:$BJ$61,MATCH(Both_Shift_Roster!M$2,Morning_Shift!$B$2:$BJ$2,0),0),"")="",IFERROR(VLOOKUP($B9,Evening_Shift!$B$4:$BJ$62,MATCH(Both_Shift_Roster!M$2,Evening_Shift!$B$2:$BJ$2,0),0),""),IFERROR(VLOOKUP($B9,Morning_Shift!$B$4:$BJ$61,MATCH(Both_Shift_Roster!M$2,Morning_Shift!$B$2:$BJ$2,0),0),"")) -> 7:00-14:30 | N9: =COUNTIF($G9:$M9,"Agent Choice WO") -> 0 | O9: =COUNTIF($G9:$M9,"TL Choice WO") -> 0 | P9: =COUNTIF($G9:$M9,"CL") -> 0 | Q9: =COUNTIF($G9:$M9,"HD") -> 0 | R9: =COUNTIF($G9:$M9,"LP") -> 0 | S9: =IF(IFERROR(VLOOKUP($B9,Morning_Shift!$B$4:$BJ$61,MATCH(Both_Shift_Roster!S$2,Morning_Shift!$B$2:$BJ$2,0),0),"")="",IFERROR(VLOOKUP($B9,Evening_Shift!$B$4:$BJ$62,MATCH(Both_Shift_Roster!S$2,Evening_Shift!$B$2:$BJ$2,0),0),""),IFERROR(VLOOKUP($B9,Morning_Shift!$B$4:$BJ$61,MATCH(Both_Shift_Roster!S$2,Morning_Shift!$B$2:$BJ$2,0),0),"")) -> 7:00-14:30 | T9: =IF(IFERROR(VLOOKUP($B9,Morning_Shift!$B$4:$BJ$61,MATCH(Both_Shift_Roster!T$2,Morning_Shift!$B$2:$BJ$2,0),0),"")="",IFERROR(VLOOKUP($B9,Evening_Shift!$B$4:$BJ$62,MATCH(Both_Shift_Roster!T$2,Evening_Shift!$B$2:$BJ$2,0),0),""),IFERROR(VLOOKUP($B9,Morning_Shift!$B$4:$BJ$61,MATCH(Both_Shift_Roster!T$2,Morning_Shift!$B$2:$BJ$2,0),0),"")) -> Agent Choice WO | U9: =IF(IFERROR(VLOOKUP($B9,Morning_Shift!$B$4:$BJ$61,MATCH(Both_Shift_Roster!U$2,Morning_Shift!$B$2:$BJ$2,0),0),"")="",IFERROR(VLOOKUP($B9,Evening_Shift!$B$4:$BJ$62,MATCH(Both_Shift_Roster!U$2,Evening_Shift!$B$2:$BJ$2,0),0),""),IFERROR(VLOOKUP($B9,Morning_Shift!$B$4:$BJ$61,MATCH(Both_Shift_Roster!U$2,Morning_Shift!$B$2:$BJ$2,0),0),"")) -> 7:00-14:30 | V9: =IF(IFERROR(VLOOKUP($B9,Morning_Shift!$B$4:$BJ$61,MATCH(Both_Shift_Roster!V$2,Morning_Shift!$B$2:$BJ$2,0),0),"")="",IFERROR(VLOOKUP($B9,Evening_Shift!$B$4:$BJ$62,MATCH(Both_Shift_Roster!V$2,Evening_Shift!$B$2:$BJ$2,0),0),""),IFERROR(VLOOKUP($B9,Morning_Shift!$B$4:$BJ$61,MATCH(Both_Shift_Roster!V$2,Morning_Shift!$B$2:$BJ$2,0),0),"")) -> 7:00-14:30 | W9: =IF(IFERROR(VLOOKUP($B9,Morning_Shift!$B$4:$BJ$61,MATCH(Both_Shift_Roster!W$2,Morning_Shift!$B$2:$BJ$2,0),0),"")="",IFERROR(VLOOKUP($B9,Evening_Shift!$B$4:$BJ$62,MATCH(Both_Shift_Roster!W$2,Evening_Shift!$B$2:$BJ$2,0),0),""),IFERROR(VLOOKUP($B9,Morning_Shift!$B$4:$BJ$61,MATCH(Both_Shift_Roster!W$2,Morning_Shift!$B$2:$BJ$2,0),0),"")) -> 7:00-14:30 | X9: =IF(IFERROR(VLOOKUP($B9,Morning_Shift!$B$4:$BJ$61,MATCH(Both_Shift_Roster!X$2,Morning_Shift!$B$2:$BJ$2,0),0),"")="",IFERROR(VLOOKUP($B9,Evening_Shift!$B$4:$BJ$62,MATCH(Both_Shift_Roster!X$2,Evening_Shift!$B$2:$BJ$2,0),0),""),IFERROR(VLOOKUP($B9,Morning_Shift!$B$4:$BJ$61,MATCH(Both_Shift_Roster!X$2,Morning_Shift!$B$2:$BJ$2,0),0),"")) -> 7:00-14:30 | Y9: =IF(IFERROR(VLOOKUP($B9,Morning_Shift!$B$4:$BJ$61,MATCH(Both_Shift_Roster!Y$2,Morning_Shift!$B$2:$BJ$2,0),0),"")="",IFERROR(VLOOKUP($B9,Evening_Shift!$B$4:$BJ$62,MATCH(Both_Shift_Roster!Y$2,Evening_Shift!$B$2:$BJ$2,0),0),""),IFERROR(VLOOKUP($B9,Morning_Shift!$B$4:$BJ$61,MATCH(Both_Shift_Roster!Y$2,Morning_Shift!$B$2:$BJ$2,0),0),"")) -> Agent Choice WO | Z9: =COUNTIF($S9:$Y9,"Agent Choice WO") -> 2 | AA9: =COUNTIF($S9:$Y9,"TL Choice WO") -> 0 | AB9: =COUNTIF($S9:$Y9,"CL") -> 0 | AC9: =COUNTIF($S9:$Y9,"HD") -> 0 | AD9: =COUNTIF($S9:$Y9,"LP") -> 0 | AE9: =IF(IFERROR(VLOOKUP($B9,Morning_Shift!$B$4:$BJ$61,MATCH(Both_Shift_Roster!AE$2,Morning_Shift!$B$2:$BJ$2,0),0),"")="",IFERROR(VLOOKUP($B9,Evening_Shift!$B$4:$BJ$62,MATCH(Both_Shift_Roster!AE$2,Evening_Shift!$B$2:$BJ$2,0),0),""),IFERROR(VLOOKUP($B9,Morning_Shift!$B$4:$BJ$61,MATCH(Both_Shift_Roster!AE$2,Morning_Shift!$B$2:$BJ$2,0),0),"")) -> 7:00-14:30 | AF9: =IF(IFERROR(VLOOKUP($B9,Morning_Shift!$B$4:$BJ$61,MATCH(Both_Shift_Roster!AF$2,Morning_Shift!$B$2:$BJ$2,0),0),"")="",IFERROR(VLOOKUP($B9,Evening_Shift!$B$4:$BJ$62,MATCH(Both_Shift_Roster!AF$2,Evening_Shift!$B$2:$BJ$2,0),0),""),IFERROR(VLOOKUP($B9,Morning_Shift!$B$4:$BJ$61,MATCH(Both_Shift_Roster!AF$2,Morning_Shift!$B$2:$BJ$2,0),0),"")) -> 7:00-14:30 | AG9: =IF(IFERROR(VLOOKUP($B9,Morning_Shift!$B$4:$BJ$61,MATCH(Both_Shift_Roster!AG$2,Morning_Shift!$B$2:$BJ$2,0),0),"")="",IFERROR(VLOOKUP($B9,Evening_Shift!$B$4:$BJ$62,MATCH(Both_Shift_Roster!AG$2,Evening_Shift!$B$2:$BJ$2,0),0),""),IFERROR(VLOOKUP($B9,Morning_Shift!$B$4:$BJ$61,MATCH(Both_Shift_Roster!AG$2,Morning_Shift!$B$2:$BJ$2,0),0),"")) -> 7:00-14:30 | AH9: =IF(IFERROR(VLOOKUP($B9,Morning_Shift!$B$4:$BJ$61,MATCH(Both_Shift_Roster!AH$2,Morning_Shift!$B$2:$BJ$2,0),0),"")="",IFERROR(VLOOKUP($B9,Evening_Shift!$B$4:$BJ$62,MATCH(Both_Shift_Roster!AH$2,Evening_Shift!$B$2:$BJ$2,0),0),""),IFERROR(VLOOKUP($B9,Morning_Shift!$B$4:$BJ$61,MATCH(Both_Shift_Roster!AH$2,Morning_Shift!$B$2:$BJ$2,0),0),"")) -> 7:00-14:30 | AI9: =IF(IFERROR(VLOOKUP($B9,Morning_Shift!$B$4:$BJ$61,MATCH(Both_Shift_Roster!AI$2,Morning_Shift!$B$2:$BJ$2,0),0),"")="",IFERROR(VLOOKUP($B9,Evening_Shift!$B$4:$BJ$62,MATCH(Both_Shift_Roster!AI$2,Evening_Shift!$B$2:$BJ$2,0),0),""),IFERROR(VLOOKUP($B9,Morning_Shift!$B$4:$BJ$61,MATCH(Both_Shift_Roster!AI$2,Morning_Shift!$B$2:$BJ$2,0),0),"")) -> 7:00-14:30 | AJ9: =IF(IFERROR(VLOOKUP($B9,Morning_Shift!$B$4:$BJ$61,MATCH(Both_Shift_Roster!AJ$2,Morning_Shift!$B$2:$BJ$2,0),0),"")="",IFERROR(VLOOKUP($B9,Evening_Shift!$B$4:$BJ$62,MATCH(Both_Shift_Roster!AJ$2,Evening_Shift!$B$2:$BJ$2,0),0),""),IFERROR(VLOOKUP($B9,Morning_Shift!$B$4:$BJ$61,MATCH(Both_Shift_Roster!AJ$2,Morning_Shift!$B$2:$BJ$2,0),0),"")) -> 7:00-14:30 | AK9: =IF(IFERROR(VLOOKUP($B9,Morning_Shift!$B$4:$BJ$61,MATCH(Both_Shift_Roster!AK$2,Morning_Shift!$B$2:$BJ$2,0),0),"")="",IFERROR(VLOOKUP($B9,Evening_Shift!$B$4:$BJ$62,MATCH(Both_Shift_Roster!AK$2,Evening_Shift!$B$2:$BJ$2,0),0),""),IFERROR(VLOOKUP($B9,Morning_Shift!$B$4:$BJ$61,MATCH(Both_Shift_Roster!AK$2,Morning_Shift!$B$2:$BJ$2,0),0),"")) -> 7:00-14:30 | AL9: =COUNTIF($AE9:$AK9,"Agent Choice WO") -> 0 | AM9: =COUNTIF($AE9:$AK9,"TL Choice WO") -> 0 | AN9: =COUNTIF($AE9:$AK9,"CL") -> 0 | AO9: =COUNTIF($AE9:$AK9,"HD") -> 0 | AP9: =COUNTIF($AE9:$AK9,"LP") -> 0 | AQ9: =IF(IFERROR(VLOOKUP($B9,Morning_Shift!$B$4:$BJ$61,MATCH(Both_Shift_Roster!AQ$2,Morning_Shift!$B$2:$BJ$2,0),0),"")="",IFERROR(VLOOKUP($B9,Evening_Shift!$B$4:$BJ$62,MATCH(Both_Shift_Roster!AQ$2,Evening_Shift!$B$2:$BJ$2,0),0),""),IFERROR(VLOOKUP($B9,Morning_Shift!$B$4:$BJ$61,MATCH(Both_Shift_Roster!AQ$2,Morning_Shift!$B$2:$BJ$2,0),0),"")) -> Agent Choice WO | AR9: =IF(IFERROR(VLOOKUP($B9,Morning_Shift!$B$4:$BJ$61,MATCH(Both_Shift_Roster!AR$2,Morning_Shift!$B$2:$BJ$2,0),0),"")="",IFERROR(VLOOKUP($B9,Evening_Shift!$B$4:$BJ$62,MATCH(Both_Shift_Roster!AR$2,Evening_Shift!$B$2:$BJ$2,0),0),""),IFERROR(VLOOKUP($B9,Morning_Shift!$B$4:$BJ$61,MATCH(Both_Shift_Roster!AR$2,Morning_Shift!$B$2:$BJ$2,0),0),"")) -> Agent Choice WO | AS9: =IF(IFERROR(VLOOKUP($B9,Morning_Shift!$B$4:$BJ$61,MATCH(Both_Shift_Roster!AS$2,Morning_Shift!$B$2:$BJ$2,0),0),"")="",IFERROR(VLOOKUP($B9,Evening_Shift!$B$4:$BJ$62,MATCH(Both_Shift_Roster!AS$2,Evening_Shift!$B$2:$BJ$2,0),0),""),IFERROR(VLOOKUP($B9,Morning_Shift!$B$4:$BJ$61,MATCH(Both_Shift_Roster!AS$2,Morning_Shift!$B$2:$BJ$2,0),0),"")) -> CL | AT9: =IF(IFERROR(VLOOKUP($B9,Morning_Shift!$B$4:$BJ$61,MATCH(Both_Shift_Roster!AT$2,Morning_Shift!$B$2:$BJ$2,0),0),"")="",IFERROR(VLOOKUP($B9,Evening_Shift!$B$4:$BJ$62,MATCH(Both_Shift_Roster!AT$2,Evening_Shift!$B$2:$BJ$2,0),0),""),IFERROR(VLOOKUP($B9,Morning_Shift!$B$4:$BJ$61,MATCH(Both_Shift_Roster!AT$2,Morning_Shift!$B$2:$BJ$2,0),0),"")) -> 7:00-14:30 | AU9: =IF(IFERROR(VLOOKUP($B9,Morning_Shift!$B$4:$BJ$61,MATCH(Both_Shift_Roster!AU$2,Morning_Shift!$B$2:$BJ$2,0),0),"")="",IFERROR(VLOOKUP($B9,Evening_Shift!$B$4:$BJ$62,MATCH(Both_Shift_Roster!AU$2,Evening_Shift!$B$2:$BJ$2,0),0),""),IFERROR(VLOOKUP($B9,Morning_Shift!$B$4:$BJ$61,MATCH(Both_Shift_Roster!AU$2,Morning_Shift!$B$2:$BJ$2,0),0),"")) -> 7:00-14:30 | AV9: =IF(IFERROR(VLOOKUP($B9,Morning_Shift!$B$4:$BJ$61,MATCH(Both_Shift_Roster!AV$2,Morning_Shift!$B$2:$BJ$2,0),0),"")="",IFERROR(VLOOKUP($B9,Evening_Shift!$B$4:$BJ$62,MATCH(Both_Shift_Roster!AV$2,Evening_Shift!$B$2:$BJ$2,0),0),""),IFERROR(VLOOKUP($B9,Morning_Shift!$B$4:$BJ$61,MATCH(Both_Shift_Roster!AV$2,Morning_Shift!$B$2:$BJ$2,0),0),"")) -> 7:00-14:30 | AW9: =IF(IFERROR(VLOOKUP($B9,Morning_Shift!$B$4:$BJ$61,MATCH(Both_Shift_Roster!AW$2,Morning_Shift!$B$2:$BJ$2,0),0),"")="",IFERROR(VLOOKUP($B9,Evening_Shift!$B$4:$BJ$62,MATCH(Both_Shift_Roster!AW$2,Evening_Shift!$B$2:$BJ$2,0),0),""),IFERROR(VLOOKUP($B9,Morning_Shift!$B$4:$BJ$61,MATCH(Both_Shift_Roster!AW$2,Morning_Shift!$B$2:$BJ$2,0),0),"")) -> 7:00-14:30 | AX9: =COUNTIF($AQ9:$AW9,"Agent Choice WO") -> 2 | AY9: =COUNTIF($AQ9:$AW9,"TL Choice WO") -> 0 | AZ9: =COUNTIF($AQ9:$AW9,"CL") -> 1 | BA9: =COUNTIF($AQ9:$AW9,"HD") -> 0 | BB9: =COUNTIF($AQ9:$AW9,"LP") -> 0 | BC9: =IF(IFERROR(VLOOKUP($B9,Morning_Shift!$B$4:$BJ$61,MATCH(Both_Shift_Roster!BC$2,Morning_Shift!$B$2:$BJ$2,0),0),"")="",IFERROR(VLOOKUP($B9,Evening_Shift!$B$4:$BJ$62,MATCH(Both_Shift_Roster!BC$2,Evening_Shift!$B$2:$BJ$2,0),0),""),IFERROR(VLOOKUP($B9,Morning_Shift!$B$4:$BJ$61,MATCH(Both_Shift_Roster!BC$2,Morning_Shift!$B$2:$BJ$2,0),0),"")) -> 7:00-14:30 | BD9: =IF(IFERROR(VLOOKUP($B9,Morning_Shift!$B$4:$BJ$61,MATCH(Both_Shift_Roster!BD$2,Morning_Shift!$B$2:$BJ$2,0),0),"")="",IFERROR(VLOOKUP($B9,Evening_Shift!$B$4:$BJ$62,MATCH(Both_Shift_Roster!BD$2,Evening_Shift!$B$2:$BJ$2,0),0),""),IFERROR(VLOOKUP($B9,Morning_Shift!$B$4:$BJ$61,MATCH(Both_Shift_Roster!BD$2,Morning_Shift!$B$2:$BJ$2,0),0),"")) -> 7:00-14:30 | BE9: =IF(IFERROR(VLOOKUP($B9,Morning_Shift!$B$4:$BJ$61,MATCH(Both_Shift_Roster!BE$2,Morning_Shift!$B$2:$BJ$2,0),0),"")="",IFERROR(VLOOKUP($B9,Evening_Shift!$B$4:$BJ$59,MATCH(Both_Shift_Roster!BE$2,Evening_Shift!$B$2:$BJ$2,0),0),""),IFERROR(VLOOKUP($B9,Morning_Shift!$B$4:$BJ$61,MATCH(Both_Shift_Roster!BE$2,Morning_Shift!$B$2:$BJ$2,0),0),"")) -> 7:00-14:30 | BF9: =COUNTIF($BC9:$BE9,"Agent Choice WO") -> 0 | BG9: =COUNTIF($BC9:$BE9,"TL Choice WO") -> 0 | BH9: =COUNTIF($BC9:$BE9,"CL") -> 0 | BI9: =COUNTIF($BC9:$BE9,"HD") -> 0 | BJ9: =COUNTIF($BC9:$BE9,"LP") -> 0
A10: =A9+1 -> 7 | B10: =Morning_Shift!$B10 -> Dritm84 | C10: =IF(IFERROR(VLOOKUP(B10,Morning_Shift!B:C,2,0),"")="",IFERROR(VLOOKUP(B10,Evening_Shift!B:C,2,0),""),IFERROR(VLOOKUP(B10,Morning_Shift!B:C,2,0),"")) -> Anuja | D10: =IF(IFERROR(VLOOKUP(B10,Morning_Shift!B:D,3,0),"")="",IFERROR(VLOOKUP(B10,Evening_Shift!B:D,3,0),""),IFERROR(VLOOKUP(B10,Morning_Shift!B:D,3,0),"")) -> Naina | E10: =IF(IFERROR(VLOOKUP(B10,Morning_Shift!B:E,4,0),"")="",IFERROR(VLOOKUP(B10,Evening_Shift!B:E,4,0),""),IFERROR(VLOOKUP(B10,Morning_Shift!B:E,4,0),"")) -> F | F10: =IF(IFERROR(VLOOKUP(B10,Morning_Shift!B:F,5,0),"")="",IFERROR(VLOOKUP(B10,Evening_Shift!B:F,5,0),""),IFERROR(VLOOKUP(B10,Morning_Shift!B:F,5,0),"")) -> FCS | G10: =IF(IFERROR(VLOOKUP($B10,Morning_Shift!$B$4:$BJ$61,MATCH(Both_Shift_Roster!G$2,Morning_Shift!$B$2:$BJ$2,0),0),"")="",IFERROR(VLOOKUP($B10,Evening_Shift!$B$4:$BJ$62,MATCH(Both_Shift_Roster!G$2,Evening_Shift!$B$2:$BJ$2,0),0),""),IFERROR(VLOOKUP($B10,Morning_Shift!$B$4:$BJ$61,MATCH(Both_Shift_Roster!G$2,Morning_Shift!$B$2:$BJ$2,0),0),"")) -> 10:00-17:00 | H10: =IF(IFERROR(VLOOKUP($B10,Morning_Shift!$B$4:$BJ$61,MATCH(Both_Shift_Roster!H$2,Morning_Shift!$B$2:$BJ$2,0),0),"")="",IFERROR(VLOOKUP($B10,Evening_Shift!$B$4:$BJ$62,MATCH(Both_Shift_Roster!H$2,Evening_Shift!$B$2:$BJ$2,0),0),""),IFERROR(VLOOKUP($B10,Morning_Shift!$B$4:$BJ$61,MATCH(Both_Shift_Roster!H$2,Morning_Shift!$B$2:$BJ$2,0),0),"")) -> 10:00-17:00 | I10: =IF(IFERROR(VLOOKUP($B10,Morning_Shift!$B$4:$BJ$61,MATCH(Both_Shift_Roster!I$2,Morning_Shift!$B$2:$BJ$2,0),0),"")="",IFERROR(VLOOKUP($B10,Evening_Shift!$B$4:$BJ$62,MATCH(Both_Shift_Roster!I$2,Evening_Shift!$B$2:$BJ$2,0),0),""),IFERROR(VLOOKUP($B10,Morning_Shift!$B$4:$BJ$61,MATCH(Both_Shift_Roster!I$2,Morning_Shift!$B$2:$BJ$2,0),0),"")) -> Agent Choice WO | J10: =IF(IFERROR(VLOOKUP($B10,Morning_Shift!$B$4:$BJ$61,MATCH(Both_Shift_Roster!J$2,Morning_Shift!$B$2:$BJ$2,0),0),"")="",IFERROR(VLOOKUP($B10,Evening_Shift!$B$4:$BJ$62,MATCH(Both_Shift_Roster!J$2,Evening_Shift!$B$2:$BJ$2,0),0),""),IFERROR(VLOOKUP($B10,Morning_Shift!$B$4:$BJ$61,MATCH(Both_Shift_Roster!J$2,Morning_Shift!$B$2:$BJ$2,0),0),"")) -> Agent Choice WO | K10: =IF(IFERROR(VLOOKUP($B10,Morning_Shift!$B$4:$BJ$61,MATCH(Both_Shift_Roster!K$2,Morning_Shift!$B$2:$BJ$2,0),0),"")="",IFERROR(VLOOKUP($B10,Evening_Shift!$B$4:$BJ$62,MATCH(Both_Shift_Roster!K$2,Evening_Shift!$B$2:$BJ$2,0),0),""),IFERROR(VLOOKUP($B10,Morning_Shift!$B$4:$BJ$61,MATCH(Both_Shift_Roster!K$2,Morning_Shift!$B$2:$BJ$2,0),0),"")) -> Agent Choice WO | L10: =IF(IFERROR(VLOOKUP($B10,Morning_Shift!$B$4:$BJ$61,MATCH(Both_Shift_Roster!L$2,Morning_Shift!$B$2:$BJ$2,0),0),"")="",IFERROR(VLOOKUP($B10,Evening_Shift!$B$4:$BJ$62,MATCH(Both_Shift_Roster!L$2,Evening_Shift!$B$2:$BJ$2,0),0),""),IFERROR(VLOOKUP($B10,Morning_Shift!$B$4:$BJ$61,MATCH(Both_Shift_Roster!L$2,Morning_Shift!$B$2:$BJ$2,0),0),"")) -> Agent Choice WO | M10: =IF(IFERROR(VLOOKUP($B10,Morning_Shift!$B$4:$BJ$61,MATCH(Both_Shift_Roster!M$2,Morning_Shift!$B$2:$BJ$2,0),0),"")="",IFERROR(VLOOKUP($B10,Evening_Shift!$B$4:$BJ$62,MATCH(Both_Shift_Roster!M$2,Evening_Shift!$B$2:$BJ$2,0),0),""),IFERROR(VLOOKUP($B10,Morning_Shift!$B$4:$BJ$61,MATCH(Both_Shift_Roster!M$2,Morning_Shift!$B$2:$BJ$2,0),0),"")) -> 10:00-17:00 | N10: =COUNTIF($G10:$M10,"Agent Choice WO") -> 4 | O10: =COUNTIF($G10:$M10,"TL Choice WO") -> 0 | P10: =COUNTIF($G10:$M10,"CL") -> 0 | Q10: =COUNTIF($G10:$M10,"HD") -> 0 | R10: =COUNTIF($G10:$M10,"LP") -> 0 | S10: =IF(IFERROR(VLOOKUP($B10,Morning_Shift!$B$4:$BJ$61,MATCH(Both_Shift_Roster!S$2,Morning_Shift!$B$2:$BJ$2,0),0),"")="",IFERROR(VLOOKUP($B10,Evening_Shift!$B$4:$BJ$62,MATCH(Both_Shift_Roster!S$2,Evening_Shift!$B$2:$BJ$2,0),0),""),IFERROR(VLOOKUP($B10,Morning_Shift!$B$4:$BJ$61,MATCH(Both_Shift_Roster!S$2,Morning_Shift!$B$2:$BJ$2,0),0),"")) -> 10:00-17:00 | T10: =IF(IFERROR(VLOOKUP($B10,Morning_Shift!$B$4:$BJ$61,MATCH(Both_Shift_Roster!T$2,Morning_Shift!$B$2:$BJ$2,0),0),"")="",IFERROR(VLOOKUP($B10,Evening_Shift!$B$4:$BJ$62,MATCH(Both_Shift_Roster!T$2,Evening_Shift!$B$2:$BJ$2,0),0),""),IFERROR(VLOOKUP($B10,Morning_Shift!$B$4:$BJ$61,MATCH(Both_Shift_Roster!T$2,Morning_Shift!$B$2:$BJ$2,0),0),"")) -> 10:00-17:00 | U10: =IF(IFERROR(VLOOKUP($B10,Morning_Shift!$B$4:$BJ$61,MATCH(Both_Shift_Roster!U$2,Morning_Shift!$B$2:$BJ$2,0),0),"")="",IFERROR(VLOOKUP($B10,Evening_Shift!$B$4:$BJ$62,MATCH(Both_Shift_Roster!U$2,Evening_Shift!$B$2:$BJ$2,0),0),""),IFERROR(VLOOKUP($B10,Morning_Shift!$B$4:$BJ$61,MATCH(Both_Shift_Roster!U$2,Morning_Shift!$B$2:$BJ$2,0),0),"")) -> 10:00-17:00 | V10: =IF(IFERROR(VLOOKUP($B10,Morning_Shift!$B$4:$BJ$61,MATCH(Both_Shift_Roster!V$2,Morning_Shift!$B$2:$BJ$2,0),0),"")="",IFERROR(VLOOKUP($B10,Evening_Shift!$B$4:$BJ$62,MATCH(Both_Shift_Roster!V$2,Evening_Shift!$B$2:$BJ$2,0),0),""),IFERROR(VLOOKUP($B10,Morning_Shift!$B$4:$BJ$61,MATCH(Both_Shift_Roster!V$2,Morning_Shift!$B$2:$BJ$2,0),0),"")) -> 10:00-17:00 | W10: =IF(IFERROR(VLOOKUP($B10,Morning_Shift!$B$4:$BJ$61,MATCH(Both_Shift_Roster!W$2,Morning_Shift!$B$2:$BJ$2,0),0),"")="",IFERROR(VLOOKUP($B10,Evening_Shift!$B$4:$BJ$62,MATCH(Both_Shift_Roster!W$2,Evening_Shift!$B$2:$BJ$2,0),0),""),IFERROR(VLOOKUP($B10,Morning_Shift!$B$4:$BJ$61,MATCH(Both_Shift_Roster!W$2,Morning_Shift!$B$2:$BJ$2,0),0),"")) -> 10:00-17:00 | X10: =IF(IFERROR(VLOOKUP($B10,Morning_Shift!$B$4:$BJ$61,MATCH(Both_Shift_Roster!X$2,Morning_Shift!$B$2:$BJ$2,0),0),"")="",IFERROR(VLOOKUP($B10,Evening_Shift!$B$4:$BJ$62,MATCH(Both_Shift_Roster!X$2,Evening_Shift!$B$2:$BJ$2,0),0),""),IFERROR(VLOOKUP($B10,Morning_Shift!$B$4:$BJ$61,MATCH(Both_Shift_Roster!X$2,Morning_Shift!$B$2:$BJ$2,0),0),"")) -> 10:00-17:00 | Y10: =IF(IFERROR(VLOOKUP($B10,Morning_Shift!$B$4:$BJ$61,MATCH(Both_Shift_Roster!Y$2,Morning_Shift!$B$2:$BJ$2,0),0),"")="",IFERROR(VLOOKUP($B10,Evening_Shift!$B$4:$BJ$62,MATCH(Both_Shift_Roster!Y$2,Evening_Shift!$B$2:$BJ$2,0),0),""),IFERROR(VLOOKUP($B10,Morning_Shift!$B$4:$BJ$61,MATCH(Both_Shift_Roster!Y$2,Morning_Shift!$B$2:$BJ$2,0),0),"")) -> 10:00-17:00 | Z10: =COUNTIF($S10:$Y10,"Agent Choice WO") -> 0 | AA10: =COUNTIF($S10:$Y10,"TL Choice WO") -> 0 | AB10: =COUNTIF($S10:$Y10,"CL") -> 0 | AC10: =COUNTIF($S10:$Y10,"HD") -> 0 | AD10: =COUNTIF($S10:$Y10,"LP") -> 0 | AE10: =IF(IFERROR(VLOOKUP($B10,Morning_Shift!$B$4:$BJ$61,MATCH(Both_Shift_Roster!AE$2,Morning_Shift!$B$2:$BJ$2,0),0),"")="",IFERROR(VLOOKUP($B10,Evening_Shift!$B$4:$BJ$62,MATCH(Both_Shift_Roster!AE$2,Evening_Shift!$B$2:$BJ$2,0),0),""),IFERROR(VLOOKUP($B10,Morning_Shift!$B$4:$BJ$61,MATCH(Both_Shift_Roster!AE$2,Morning_Shift!$B$2:$BJ$2,0),0),"")) -> 10:00-17:00 | AF10: =IF(IFERROR(VLOOKUP($B10,Morning_Shift!$B$4:$BJ$61,MATCH(Both_Shift_Roster!AF$2,Morning_Shift!$B$2:$BJ$2,0),0),"")="",IFERROR(VLOOKUP($B10,Evening_Shift!$B$4:$BJ$62,MATCH(Both_Shift_Roster!AF$2,Evening_Shift!$B$2:$BJ$2,0),0),""),IFERROR(VLOOKUP($B10,Morning_Shift!$B$4:$BJ$61,MATCH(Both_Shift_Roster!AF$2,Morning_Shift!$B$2:$BJ$2,0),0),"")) -> CL | AG10: =IF(IFERROR(VLOOKUP($B10,Morning_Shift!$B$4:$BJ$61,MATCH(Both_Shift_Roster!AG$2,Morning_Shift!$B$2:$BJ$2,0),0),"")="",IFERROR(VLOOKUP($B10,Evening_Shift!$B$4:$BJ$62,MATCH(Both_Shift_Roster!AG$2,Evening_Shift!$B$2:$BJ$2,0),0),""),IFERROR(VLOOKUP($B10,Morning_Shift!$B$4:$BJ$61,MATCH(Both_Shift_Roster!AG$2,Morning_Shift!$B$2:$BJ$2,0),0),"")) -> CL | AH10: =IF(IFERROR(VLOOKUP($B10,Morning_Shift!$B$4:$BJ$61,MATCH(Both_Shift_Roster!AH$2,Morning_Shift!$B$2:$BJ$2,0),0),"")="",IFERROR(VLOOKUP($B10,Evening_Shift!$B$4:$BJ$62,MATCH(Both_Shift_Roster!AH$2,Evening_Shift!$B$2:$BJ$2,0),0),""),IFERROR(VLOOKUP($B10,Morning_Shift!$B$4:$BJ$61,MATCH(Both_Shift_Roster!AH$2,Morning_Shift!$B$2:$BJ$2,0),0),"")) -> 10:00-17:00 | AI10: =IF(IFERROR(VLOOKUP($B10,Morning_Shift!$B$4:$BJ$61,MATCH(Both_Shift_Roster!AI$2,Morning_Shift!$B$2:$BJ$2,0),0),"")="",IFERROR(VLOOKUP($B10,Evening_Shift!$B$4:$BJ$62,MATCH(Both_Shift_Roster!AI$2,Evening_Shift!$B$2:$BJ$2,0),0),""),IFERROR(VLOOKUP($B10,Morning_Shift!$B$4:$BJ$61,MATCH(Both_Shift_Roster!AI$2,Morning_Shift!$B$2:$BJ$2,0),0),"")) -> 10:00-17:00 | AJ10: =IF(IFERROR(VLOOKUP($B10,Morning_Shift!$B$4:$BJ$61,MATCH(Both_Shift_Roster!AJ$2,Morning_Shift!$B$2:$BJ$2,0),0),"")="",IFERROR(VLOOKUP($B10,Evening_Shift!$B$4:$BJ$62,MATCH(Both_Shift_Roster!AJ$2,Evening_Shift!$B$2:$BJ$2,0),0),""),IFERROR(VLOOKUP($B10,Morning_Shift!$B$4:$BJ$61,MATCH(Both_Shift_Roster!AJ$2,Morning_Shift!$B$2:$BJ$2,0),0),"")) -> 10:00-17:00 | AK10: =IF(IFERROR(VLOOKUP($B10,Morning_Shift!$B$4:$BJ$61,MATCH(Both_Shift_Roster!AK$2,Morning_Shift!$B$2:$BJ$2,0),0),"")="",IFERROR(VLOOKUP($B10,Evening_Shift!$B$4:$BJ$62,MATCH(Both_Shift_Roster!AK$2,Evening_Shift!$B$2:$BJ$2,0),0),""),IFERROR(VLOOKUP($B10,Morning_Shift!$B$4:$BJ$61,MATCH(Both_Shift_Roster!AK$2,Morning_Shift!$B$2:$BJ$2,0),0),"")) -> 10:00-17:00 | AL10: =COUNTIF($AE10:$AK10,"Agent Choice WO") -> 0 | AM10: =COUNTIF($AE10:$AK10,"TL Choice WO") -> 0 | AN10: =COUNTIF($AE10:$AK10,"CL") -> 2 | AO10: =COUNTIF($AE10:$AK10,"HD") -> 0 | AP10: =COUNTIF($AE10:$AK10,"LP") -> 0 | AQ10: =IF(IFERROR(VLOOKUP($B10,Morning_Shift!$B$4:$BJ$61,MATCH(Both_Shift_Roster!AQ$2,Morning_Shift!$B$2:$BJ$2,0),0),"")="",IFERROR(VLOOKUP($B10,Evening_Shift!$B$4:$BJ$62,MATCH(Both_Shift_Roster!AQ$2,Evening_Shift!$B$2:$BJ$2,0),0),""),IFERROR(VLOOKUP($B10,Morning_Shift!$B$4:$BJ$61,MATCH(Both_Shift_Roster!AQ$2,Morning_Shift!$B$2:$BJ$2,0),0),"")) -> 10:00-17:00 | AR10: =IF(IFERROR(VLOOKUP($B10,Morning_Shift!$B$4:$BJ$61,MATCH(Both_Shift_Roster!AR$2,Morning_Shift!$B$2:$BJ$2,0),0),"")="",IFERROR(VLOOKUP($B10,Evening_Shift!$B$4:$BJ$62,MATCH(Both_Shift_Roster!AR$2,Evening_Shift!$B$2:$BJ$2,0),0),""),IFERROR(VLOOKUP($B10,Morning_Shift!$B$4:$BJ$61,MATCH(Both_Shift_Roster!AR$2,Morning_Shift!$B$2:$BJ$2,0),0),"")) -> 10:00-17:00 | AS10: =IF(IFERROR(VLOOKUP($B10,Morning_Shift!$B$4:$BJ$61,MATCH(Both_Shift_Roster!AS$2,Morning_Shift!$B$2:$BJ$2,0),0),"")="",IFERROR(VLOOKUP($B10,Evening_Shift!$B$4:$BJ$62,MATCH(Both_Shift_Roster!AS$2,Evening_Shift!$B$2:$BJ$2,0),0),""),IFERROR(VLOOKUP($B10,Morning_Shift!$B$4:$BJ$61,MATCH(Both_Shift_Roster!AS$2,Morning_Shift!$B$2:$BJ$2,0),0),"")) -> 10:00-17:00 | AT10: =IF(IFERROR(VLOOKUP($B10,Morning_Shift!$B$4:$BJ$61,MATCH(Both_Shift_Roster!AT$2,Morning_Shift!$B$2:$BJ$2,0),0),"")="",IFERROR(VLOOKUP($B10,Evening_Shift!$B$4:$BJ$62,MATCH(Both_Shift_Roster!AT$2,Evening_Shift!$B$2:$BJ$2,0),0),""),IFERROR(VLOOKUP($B10,Morning_Shift!$B$4:$BJ$61,MATCH(Both_Shift_Roster!AT$2,Morning_Shift!$B$2:$BJ$2,0),0),"")) -> 10:00-17:00 | AU10: =IF(IFERROR(VLOOKUP($B10,Morning_Shift!$B$4:$BJ$61,MATCH(Both_Shift_Roster!AU$2,Morning_Shift!$B$2:$BJ$2,0),0),"")="",IFERROR(VLOOKUP($B10,Evening_Shift!$B$4:$BJ$62,MATCH(Both_Shift_Roster!AU$2,Evening_Shift!$B$2:$BJ$2,0),0),""),IFERROR(VLOOKUP($B10,Morning_Shift!$B$4:$BJ$61,MATCH(Both_Shift_Roster!AU$2,Morning_Shift!$B$2:$BJ$2,0),0),"")) -> 10:00-17:00 | AV10: =IF(IFERROR(VLOOKUP($B10,Morning_Shift!$B$4:$BJ$61,MATCH(Both_Shift_Roster!AV$2,Morning_Shift!$B$2:$BJ$2,0),0),"")="",IFERROR(VLOOKUP($B10,Evening_Shift!$B$4:$BJ$62,MATCH(Both_Shift_Roster!AV$2,Evening_Shift!$B$2:$BJ$2,0),0),""),IFERROR(VLOOKUP($B10,Morning_Shift!$B$4:$BJ$61,MATCH(Both_Shift_Roster!AV$2,Morning_Shift!$B$2:$BJ$2,0),0),"")) -> 10:00-17:00 | AW10: =IF(IFERROR(VLOOKUP($B10,Morning_Shift!$B$4:$BJ$61,MATCH(Both_Shift_Roster!AW$2,Morning_Shift!$B$2:$BJ$2,0),0),"")="",IFERROR(VLOOKUP($B10,Evening_Shift!$B$4:$BJ$62,MATCH(Both_Shift_Roster!AW$2,Evening_Shift!$B$2:$BJ$2,0),0),""),IFERROR(VLOOKUP($B10,Morning_Shift!$B$4:$BJ$61,MATCH(Both_Shift_Roster!AW$2,Morning_Shift!$B$2:$BJ$2,0),0),"")) -> 10:00-17:00 | AX10: =COUNTIF($AQ10:$AW10,"Agent Choice WO") -> 0 | AY10: =COUNTIF($AQ10:$AW10,"TL Choice WO") -> 0 | AZ10: =COUNTIF($AQ10:$AW10,"CL") -> 0 | BA10: =COUNTIF($AQ10:$AW10,"HD") -> 0 | BB10: =COUNTIF($AQ10:$AW10,"LP") -> 0 | BC10: =IF(IFERROR(VLOOKUP($B10,Morning_Shift!$B$4:$BJ$61,MATCH(Both_Shift_Roster!BC$2,Morning_Shift!$B$2:$BJ$2,0),0),"")="",IFERROR(VLOOKUP($B10,Evening_Shift!$B$4:$BJ$62,MATCH(Both_Shift_Roster!BC$2,Evening_Shift!$B$2:$BJ$2,0),0),""),IFERROR(VLOOKUP($B10,Morning_Shift!$B$4:$BJ$61,MATCH(Both_Shift_Roster!BC$2,Morning_Shift!$B$2:$BJ$2,0),0),"")) -> 10:00-17:00 | BD10: =IF(IFERROR(VLOOKUP($B10,Morning_Shift!$B$4:$BJ$61,MATCH(Both_Shift_Roster!BD$2,Morning_Shift!$B$2:$BJ$2,0),0),"")="",IFERROR(VLOOKUP($B10,Evening_Shift!$B$4:$BJ$62,MATCH(Both_Shift_Roster!BD$2,Evening_Shift!$B$2:$BJ$2,0),0),""),IFERROR(VLOOKUP($B10,Morning_Shift!$B$4:$BJ$61,MATCH(Both_Shift_Roster!BD$2,Morning_Shift!$B$2:$BJ$2,0),0),"")) -> 10:00-17:00 | BE10: =IF(IFERROR(VLOOKUP($B10,Morning_Shift!$B$4:$BJ$61,MATCH(Both_Shift_Roster!BE$2,Morning_Shift!$B$2:$BJ$2,0),0),"")="",IFERROR(VLOOKUP($B10,Evening_Shift!$B$4:$BJ$59,MATCH(Both_Shift_Roster!BE$2,Evening_Shift!$B$2:$BJ$2,0),0),""),IFERROR(VLOOKUP($B10,Morning_Shift!$B$4:$BJ$61,MATCH(Both_Shift_Roster!BE$2,Morning_Shift!$B$2:$BJ$2,0),0),"")) -> 10:00-17:00 | BF10: =COUNTIF($BC10:$BE10,"Agent Choice WO") -> 0 | BG10: =COUNTIF($BC10:$BE10,"TL Choice WO") -> 0 | BH10: =COUNTIF($BC10:$BE10,"CL") -> 0 | BI10: =COUNTIF($BC10:$BE10,"HD") -> 0 | BJ10: =COUNTIF($BC10:$BE10,"LP") -> 0
A11: =A10+1 -> 8 | B11: =Morning_Shift!$B11 -> Dritm17 | C11: =IF(IFERROR(VLOOKUP(B11,Morning_Shift!B:C,2,0),"")="",IFERROR(VLOOKUP(B11,Evening_Shift!B:C,2,0),""),IFERROR(VLOOKUP(B11,Morning_Shift!B:C,2,0),"")) -> Asha Pawar | D11: =IF(IFERROR(VLOOKUP(B11,Morning_Shift!B:D,3,0),"")="",IFERROR(VLOOKUP(B11,Evening_Shift!B:D,3,0),""),IFERROR(VLOOKUP(B11,Morning_Shift!B:D,3,0),"")) -> Naina | E11: =IF(IFERROR(VLOOKUP(B11,Morning_Shift!B:E,4,0),"")="",IFERROR(VLOOKUP(B11,Evening_Shift!B:E,4,0),""),IFERROR(VLOOKUP(B11,Morning_Shift!B:E,4,0),"")) -> F | F11: =IF(IFERROR(VLOOKUP(B11,Morning_Shift!B:F,5,0),"")="",IFERROR(VLOOKUP(B11,Evening_Shift!B:F,5,0),""),IFERROR(VLOOKUP(B11,Morning_Shift!B:F,5,0),"")) -> Inbound | G11: =IF(IFERROR(VLOOKUP($B11,Morning_Shift!$B$4:$BJ$61,MATCH(Both_Shift_Roster!G$2,Morning_Shift!$B$2:$BJ$2,0),0),"")="",IFERROR(VLOOKUP($B11,Evening_Shift!$B$4:$BJ$62,MATCH(Both_Shift_Roster!G$2,Evening_Shift!$B$2:$BJ$2,0),0),""),IFERROR(VLOOKUP($B11,Morning_Shift!$B$4:$BJ$61,MATCH(Both_Shift_Roster!G$2,Morning_Shift!$B$2:$BJ$2,0),0),"")) -> 7:00-14:30 | H11: =IF(IFERROR(VLOOKUP($B11,Morning_Shift!$B$4:$BJ$61,MATCH(Both_Shift_Roster!H$2,Morning_Shift!$B$2:$BJ$2,0),0),"")="",IFERROR(VLOOKUP($B11,Evening_Shift!$B$4:$BJ$62,MATCH(Both_Shift_Roster!H$2,Evening_Shift!$B$2:$BJ$2,0),0),""),IFERROR(VLOOKUP($B11,Morning_Shift!$B$4:$BJ$61,MATCH(Both_Shift_Roster!H$2,Morning_Shift!$B$2:$BJ$2,0),0),"")) -> 7:00-14:30 | I11: =IF(IFERROR(VLOOKUP($B11,Morning_Shift!$B$4:$BJ$61,MATCH(Both_Shift_Roster!I$2,Morning_Shift!$B$2:$BJ$2,0),0),"")="",IFERROR(VLOOKUP($B11,Evening_Shift!$B$4:$BJ$62,MATCH(Both_Shift_Roster!I$2,Evening_Shift!$B$2:$BJ$2,0),0),""),IFERROR(VLOOKUP($B11,Morning_Shift!$B$4:$BJ$61,MATCH(Both_Shift_Roster!I$2,Morning_Shift!$B$2:$BJ$2,0),0),"")) -> 7:00-14:30 | J11: =IF(IFERROR(VLOOKUP($B11,Morning_Shift!$B$4:$BJ$61,MATCH(Both_Shift_Roster!J$2,Morning_Shift!$B$2:$BJ$2,0),0),"")="",IFERROR(VLOOKUP($B11,Evening_Shift!$B$4:$BJ$62,MATCH(Both_Shift_Roster!J$2,Evening_Shift!$B$2:$BJ$2,0),0),""),IFERROR(VLOOKUP($B11,Morning_Shift!$B$4:$BJ$61,MATCH(Both_Shift_Roster!J$2,Morning_Shift!$B$2:$BJ$2,0),0),"")) -> 7:00-14:30 | K11: =IF(IFERROR(VLOOKUP($B11,Morning_Shift!$B$4:$BJ$61,MATCH(Both_Shift_Roster!K$2,Morning_Shift!$B$2:$BJ$2,0),0),"")="",IFERROR(VLOOKUP($B11,Evening_Shift!$B$4:$BJ$62,MATCH(Both_Shift_Roster!K$2,Evening_Shift!$B$2:$BJ$2,0),0),""),IFERROR(VLOOKUP($B11,Morning_Shift!$B$4:$BJ$61,MATCH(Both_Shift_Roster!K$2,Morning_Shift!$B$2:$BJ$2,0),0),"")) -> 7:00-14:30 | L11: =IF(IFERROR(VLOOKUP($B11,Morning_Shift!$B$4:$BJ$61,MATCH(Both_Shift_Roster!L$2,Morning_Shift!$B$2:$BJ$2,0),0),"")="",IFERROR(VLOOKUP($B11,Evening_Shift!$B$4:$BJ$62,MATCH(Both_Shift_Roster!L$2,Evening_Shift!$B$2:$BJ$2,0),0),""),IFERROR(VLOOKUP($B11,Morning_Shift!$B$4:$BJ$61,MATCH(Both_Shift_Roster!L$2,Morning_Shift!$B$2:$BJ$2,0),0),"")) -> 7:00-14:30 | M11: =IF(IFERROR(VLOOKUP($B11,Morning_Shift!$B$4:$BJ$61,MATCH(Both_Shift_Roster!M$2,Morning_Shift!$B$2:$BJ$2,0),0),"")="",IFERROR(VLOOKUP($B11,Evening_Shift!$B$4:$BJ$62,MATCH(Both_Shift_Roster!M$2,Evening_Shift!$B$2:$BJ$2,0),0),""),IFERROR(VLOOKUP($B11,Morning_Shift!$B$4:$BJ$61,MATCH(Both_Shift_Roster!M$2,Morning_Shift!$B$2:$BJ$2,0),0),"")) -> 7:00-14:30 | N11: =COUNTIF($G11:$M11,"Agent Choice WO") -> 0 | O11: =COUNTIF($G11:$M11,"TL Choice WO") -> 0 | P11: =COUNTIF($G11:$M11,"CL") -> 0 | Q11: =COUNTIF($G11:$M11,"HD") -> 0 | R11: =COUNTIF($G11:$M11,"LP") -> 0 | S11: =IF(IFERROR(VLOOKUP($B11,Morning_Shift!$B$4:$BJ$61,MATCH(Both_Shift_Roster!S$2,Morning_Shift!$B$2:$BJ$2,0),0),"")="",IFERROR(VLOOKUP($B11,Evening_Shift!$B$4:$BJ$62,MATCH(Both_Shift_Roster!S$2,Evening_Shift!$B$2:$BJ$2,0),0),""),IFERROR(VLOOKUP($B11,Morning_Shift!$B$4:$BJ$61,MATCH(Both_Shift_Roster!S$2,Morning_Shift!$B$2:$BJ$2,0),0),"")) -> 7:00-14:30 | T11: =IF(IFERROR(VLOOKUP($B11,Morning_Shift!$B$4:$BJ$61,MATCH(Both_Shift_Roster!T$2,Morning_Shift!$B$2:$BJ$2,0),0),"")="",IFERROR(VLOOKUP($B11,Evening_Shift!$B$4:$BJ$62,MATCH(Both_Shift_Roster!T$2,Evening_Shift!$B$2:$BJ$2,0),0),""),IFERROR(VLOOKUP($B11,Morning_Shift!$B$4:$BJ$61,MATCH(Both_Shift_Roster!T$2,Morning_Shift!$B$2:$BJ$2,0),0),"")) -> 7:00-14:30 | U11: =IF(IFERROR(VLOOKUP($B11,Morning_Shift!$B$4:$BJ$61,MATCH(Both_Shift_Roster!U$2,Morning_Shift!$B$2:$BJ$2,0),0),"")="",IFERROR(VLOOKUP($B11,Evening_Shift!$B$4:$BJ$62,MATCH(Both_Shift_Roster!U$2,Evening_Shift!$B$2:$BJ$2,0),0),""),IFERROR(VLOOKUP($B11,Morning_Shift!$B$4:$BJ$61,MATCH(Both_Shift_Roster!U$2,Morning_Shift!$B$2:$BJ$2,0),0),"")) -> 7:00-14:30 | V11: =IF(IFERROR(VLOOKUP($B11,Morning_Shift!$B$4:$BJ$61,MATCH(Both_Shift_Roster!V$2,Morning_Shift!$B$2:$BJ$2,0),0),"")="",IFERROR(VLOOKUP($B11,Evening_Shift!$B$4:$BJ$62,MATCH(Both_Shift_Roster!V$2,Evening_Shift!$B$2:$BJ$2,0),0),""),IFERROR(VLOOKUP($B11,Morning_Shift!$B$4:$BJ$61,MATCH(Both_Shift_Roster!V$2,Morning_Shift!$B$2:$BJ$2,0),0),"")) -> 7:00-14:30 | W11: =IF(IFERROR(VLOOKUP($B11,Morning_Shift!$B$4:$BJ$61,MATCH(Both_Shift_Roster!W$2,Morning_Shift!$B$2:$BJ$2,0),0),"")="",IFERROR(VLOOKUP($B11,Evening_Shift!$B$4:$BJ$62,MATCH(Both_Shift_Roster!W$2,Evening_Shift!$B$2:$BJ$2,0),0),""),IFERROR(VLOOKUP($B11,Morning_Shift!$B$4:$BJ$61,MATCH(Both_Shift_Roster!W$2,Morning_Shift!$B$2:$BJ$2,0),0),"")) -> 7:00-14:30 | X11: =IF(IFERROR(VLOOKUP($B11,Morning_Shift!$B$4:$BJ$61,MATCH(Both_Shift_Roster!X$2,Morning_Shift!$B$2:$BJ$2,0),0),"")="",IFERROR(VLOOKUP($B11,Evening_Shift!$B$4:$BJ$62,MATCH(Both_Shift_Roster!X$2,Evening_Shift!$B$2:$BJ$2,0),0),""),IFERROR(VLOOKUP($B11,Morning_Shift!$B$4:$BJ$61,MATCH(Both_Shift_Roster!X$2,Morning_Shift!$B$2:$BJ$2,0),0),"")) -> 7:00-14:30 | Y11: =IF(IFERROR(VLOOKUP($B11,Morning_Shift!$B$4:$BJ$61,MATCH(Both_Shift_Roster!Y$2,Morning_Shift!$B$2:$BJ$2,0),0),"")="",IFERROR(VLOOKUP($B11,Evening_Shift!$B$4:$BJ$62,MATCH(Both_Shift_Roster!Y$2,Evening_Shift!$B$2:$BJ$2,0),0),""),IFERROR(VLOOKUP($B11,Morning_Shift!$B$4:$BJ$61,MATCH(Both_Shift_Roster!Y$2,Morning_Shift!$B$2:$BJ$2,0),0),"")) -> 7:00-14:30 | Z11: =COUNTIF($S11:$Y11,"Agent Choice WO") -> 0 | AA11: =COUNTIF($S11:$Y11,"TL Choice WO") -> 0 | AB11: =COUNTIF($S11:$Y11,"CL") -> 0 | AC11: =COUNTIF($S11:$Y11,"HD") -> 0 | AD11: =COUNTIF($S11:$Y11,"LP") -> 0 | AE11: =IF(IFERROR(VLOOKUP($B11,Morning_Shift!$B$4:$BJ$61,MATCH(Both_Shift_Roster!AE$2,Morning_Shift!$B$2:$BJ$2,0),0),"")="",IFERROR(VLOOKUP($B11,Evening_Shift!$B$4:$BJ$62,MATCH(Both_Shift_Roster!AE$2,Evening_Shift!$B$2:$BJ$2,0),0),""),IFERROR(VLOOKUP($B11,Morning_Shift!$B$4:$BJ$61,MATCH(Both_Shift_Roster!AE$2,Morning_Shift!$B$2:$BJ$2,0),0),"")) -> 7:00-14:30 | AF11: =IF(IFERROR(VLOOKUP($B11,Morning_Shift!$B$4:$BJ$61,MATCH(Both_Shift_Roster!AF$2,Morning_Shift!$B$2:$BJ$2,0),0),"")="",IFERROR(VLOOKUP($B11,Evening_Shift!$B$4:$BJ$62,MATCH(Both_Shift_Roster!AF$2,Evening_Shift!$B$2:$BJ$2,0),0),""),IFERROR(VLOOKUP($B11,Morning_Shift!$B$4:$BJ$61,MATCH(Both_Shift_Roster!AF$2,Morning_Shift!$B$2:$BJ$2,0),0),"")) -> 7:00-14:30 | AG11: =IF(IFERROR(VLOOKUP($B11,Morning_Shift!$B$4:$BJ$61,MATCH(Both_Shift_Roster!AG$2,Morning_Shift!$B$2:$BJ$2,0),0),"")="",IFERROR(VLOOKUP($B11,Evening_Shift!$B$4:$BJ$62,MATCH(Both_Shift_Roster!AG$2,Evening_Shift!$B$2:$BJ$2,0),0),""),IFERROR(VLOOKUP($B11,Morning_Shift!$B$4:$BJ$61,MATCH(Both_Shift_Roster!AG$2,Morning_Shift!$B$2:$BJ$2,0),0),"")) -> 7:00-14:30 | AH11: =IF(IFERROR(VLOOKUP($B11,Morning_Shift!$B$4:$BJ$61,MATCH(Both_Shift_Roster!AH$2,Morning_Shift!$B$2:$BJ$2,0),0),"")="",IFERROR(VLOOKUP($B11,Evening_Shift!$B$4:$BJ$62,MATCH(Both_Shift_Roster!AH$2,Evening_Shift!$B$2:$BJ$2,0),0),""),IFERROR(VLOOKUP($B11,Morning_Shift!$B$4:$BJ$61,MATCH(Both_Shift_Roster!AH$2,Morning_Shift!$B$2:$BJ$2,0),0),"")) -> 7:00-14:30 | AI11: =IF(IFERROR(VLOOKUP($B11,Morning_Shift!$B$4:$BJ$61,MATCH(Both_Shift_Roster!AI$2,Morning_Shift!$B$2:$BJ$2,0),0),"")="",IFERROR(VLOOKUP($B11,Evening_Shift!$B$4:$BJ$62,MATCH(Both_Shift_Roster!AI$2,Evening_Shift!$B$2:$BJ$2,0),0),""),IFERROR(VLOOKUP($B11,Morning_Shift!$B$4:$BJ$61,MATCH(Both_Shift_Roster!AI$2,Morning_Shift!$B$2:$BJ$2,0),0),"")) -> Agent Choice WO | AJ11: =IF(IFERROR(VLOOKUP($B11,Morning_Shift!$B$4:$BJ$61,MATCH(Both_Shift_Roster!AJ$2,Morning_Shift!$B$2:$BJ$2,0),0),"")="",IFERROR(VLOOKUP($B11,Evening_Shift!$B$4:$BJ$62,MATCH(Both_Shift_Roster!AJ$2,Evening_Shift!$B$2:$BJ$2,0),0),""),IFERROR(VLOOKUP($B11,Morning_Shift!$B$4:$BJ$61,MATCH(Both_Shift_Roster!AJ$2,Morning_Shift!$B$2:$BJ$2,0),0),"")) -> Agent Choice WO | AK11: =IF(IFERROR(VLOOKUP($B11,Morning_Shift!$B$4:$BJ$61,MATCH(Both_Shift_Roster!AK$2,Morning_Shift!$B$2:$BJ$2,0),0),"")="",IFERROR(VLOOKUP($B11,Evening_Shift!$B$4:$BJ$62,MATCH(Both_Shift_Roster!AK$2,Evening_Shift!$B$2:$BJ$2,0),0),""),IFERROR(VLOOKUP($B11,Morning_Shift!$B$4:$BJ$61,MATCH(Both_Shift_Roster!AK$2,Morning_Shift!$B$2:$BJ$2,0),0),"")) -> Agent Choice WO | AL11: =COUNTIF($AE11:$AK11,"Agent Choice WO") -> 3 | AM11: =COUNTIF($AE11:$AK11,"TL Choice WO") -> 0 | AN11: =COUNTIF($AE11:$AK11,"CL") -> 0 | AO11: =COUNTIF($AE11:$AK11,"HD") -> 0 | AP11: =COUNTIF($AE11:$AK11,"LP") -> 0 | AQ11: =IF(IFERROR(VLOOKUP($B11,Morning_Shift!$B$4:$BJ$61,MATCH(Both_Shift_Roster!AQ$2,Morning_Shift!$B$2:$BJ$2,0),0),"")="",IFERROR(VLOOKUP($B11,Evening_Shift!$B$4:$BJ$62,MATCH(Both_Shift_Roster!AQ$2,Evening_Shift!$B$2:$BJ$2,0),0),""),IFERROR(VLOOKUP($B11,Morning_Shift!$B$4:$BJ$61,MATCH(Both_Shift_Roster!AQ$2,Morning_Shift!$B$2:$BJ$2,0),0),"")) -> Agent Choice WO | AR11: =IF(IFERROR(VLOOKUP($B11,Morning_Shift!$B$4:$BJ$61,MATCH(Both_Shift_Roster!AR$2,Morning_Shift!$B$2:$BJ$2,0),0),"")="",IFERROR(VLOOKUP($B11,Evening_Shift!$B$4:$BJ$62,MATCH(Both_Shift_Roster!AR$2,Evening_Shift!$B$2:$BJ$2,0),0),""),IFERROR(VLOOKUP($B11,Morning_Shift!$B$4:$BJ$61,MATCH(Both_Shift_Roster!AR$2,Morning_Shift!$B$2:$BJ$2,0),0),"")) -> CL | AS11: =IF(IFERROR(VLOOKUP($B11,Morning_Shift!$B$4:$BJ$61,MATCH(Both_Shift_Roster!AS$2,Morning_Shift!$B$2:$BJ$2,0),0),"")="",IFERROR(VLOOKUP($B11,Evening_Shift!$B$4:$BJ$62,MATCH(Both_Shift_Roster!AS$2,Evening_Shift!$B$2:$BJ$2,0),0),""),IFERROR(VLOOKUP($B11,Morning_Shift!$B$4:$BJ$61,MATCH(Both_Shift_Roster!AS$2,Morning_Shift!$B$2:$BJ$2,0),0),"")) -> CL | AT11: =IF(IFERROR(VLOOKUP($B11,Morning_Shift!$B$4:$BJ$61,MATCH(Both_Shift_Roster!AT$2,Morning_Shift!$B$2:$BJ$2,0),0),"")="",IFERROR(VLOOKUP($B11,Evening_Shift!$B$4:$BJ$62,MATCH(Both_Shift_Roster!AT$2,Evening_Shift!$B$2:$BJ$2,0),0),""),IFERROR(VLOOKUP($B11,Morning_Shift!$B$4:$BJ$61,MATCH(Both_Shift_Roster!AT$2,Morning_Shift!$B$2:$BJ$2,0),0),"")) -> LP | AU11: =IF(IFERROR(VLOOKUP($B11,Morning_Shift!$B$4:$BJ$61,MATCH(Both_Shift_Roster!AU$2,Morning_Shift!$B$2:$BJ$2,0),0),"")="",IFERROR(VLOOKUP($B11,Evening_Shift!$B$4:$BJ$62,MATCH(Both_Shift_Roster!AU$2,Evening_Shift!$B$2:$BJ$2,0),0),""),IFERROR(VLOOKUP($B11,Morning_Shift!$B$4:$BJ$61,MATCH(Both_Shift_Roster!AU$2,Morning_Shift!$B$2:$BJ$2,0),0),"")) -> 7:00-14:30 | AV11: =IF(IFERROR(VLOOKUP($B11,Morning_Shift!$B$4:$BJ$61,MATCH(Both_Shift_Roster!AV$2,Morning_Shift!$B$2:$BJ$2,0),0),"")="",IFERROR(VLOOKUP($B11,Evening_Shift!$B$4:$BJ$62,MATCH(Both_Shift_Roster!AV$2,Evening_Shift!$B$2:$BJ$2,0),0),""),IFERROR(VLOOKUP($B11,Morning_Shift!$B$4:$BJ$61,MATCH(Both_Shift_Roster!AV$2,Morning_Shift!$B$2:$BJ$2,0),0),"")) -> 7:00-14:30 | AW11: =IF(IFERROR(VLOOKUP($B11,Morning_Shift!$B$4:$BJ$61,MATCH(Both_Shift_Roster!AW$2,Morning_Shift!$B$2:$BJ$2,0),0),"")="",IFERROR(VLOOKUP($B11,Evening_Shift!$B$4:$BJ$62,MATCH(Both_Shift_Roster!AW$2,Evening_Shift!$B$2:$BJ$2,0),0),""),IFERROR(VLOOKUP($B11,Morning_Shift!$B$4:$BJ$61,MATCH(Both_Shift_Roster!AW$2,Morning_Shift!$B$2:$BJ$2,0),0),"")) -> 7:00-14:30 | AX11: =COUNTIF($AQ11:$AW11,"Agent Choice WO") -> 1 | AY11: =COUNTIF($AQ11:$AW11,"TL Choice WO") -> 0 | AZ11: =COUNTIF($AQ11:$AW11,"CL") -> 2 | BA11: =COUNTIF($AQ11:$AW11,"HD") -> 0 | BB11: =COUNTIF($AQ11:$AW11,"LP") -> 1 | BC11: =IF(IFERROR(VLOOKUP($B11,Morning_Shift!$B$4:$BJ$61,MATCH(Both_Shift_Roster!BC$2,Morning_Shift!$B$2:$BJ$2,0),0),"")="",IFERROR(VLOOKUP($B11,Evening_Shift!$B$4:$BJ$62,MATCH(Both_Shift_Roster!BC$2,Evening_Shift!$B$2:$BJ$2,0),0),""),IFERROR(VLOOKUP($B11,Morning_Shift!$B$4:$BJ$61,MATCH(Both_Shift_Roster!BC$2,Morning_Shift!$B$2:$BJ$2,0),0),"")) -> 7:00-14:30 | BD11: =IF(IFERROR(VLOOKUP($B11,Morning_Shift!$B$4:$BJ$61,MATCH(Both_Shift_Roster!BD$2,Morning_Shift!$B$2:$BJ$2,0),0),"")="",IFERROR(VLOOKUP($B11,Evening_Shift!$B$4:$BJ$62,MATCH(Both_Shift_Roster!BD$2,Evening_Shift!$B$2:$BJ$2,0),0),""),IFERROR(VLOOKUP($B11,Morning_Shift!$B$4:$BJ$61,MATCH(Both_Shift_Roster!BD$2,Morning_Shift!$B$2:$BJ$2,0),0),"")) -> 7:00-14:30 | BE11: =IF(IFERROR(VLOOKUP($B11,Morning_Shift!$B$4:$BJ$61,MATCH(Both_Shift_Roster!BE$2,Morning_Shift!$B$2:$BJ$2,0),0),"")="",IFERROR(VLOOKUP($B11,Evening_Shift!$B$4:$BJ$59,MATCH(Both_Shift_Roster!BE$2,Evening_Shift!$B$2:$BJ$2,0),0),""),IFERROR(VLOOKUP($B11,Morning_Shift!$B$4:$BJ$61,MATCH(Both_Shift_Roster!BE$2,Morning_Shift!$B$2:$BJ$2,0),0),"")) -> 7:00-14:30 | BF11: =COUNTIF($BC11:$BE11,"Agent Choice WO") -> 0 | BG11: =COUNTIF($BC11:$BE11,"TL Choice WO") -> 0 | BH11: =COUNTIF($BC11:$BE11,"CL") -> 0 | BI11: =COUNTIF($BC11:$BE11,"HD") -> 0 | BJ11: =COUNTIF($BC11:$BE11,"LP") -> 0
A12: =A11+1 -> 9 | B12: =Morning_Shift!$B12 -> Dritm142 | C12: =IF(IFERROR(VLOOKUP(B12,Morning_Shift!B:C,2,0),"")="",IFERROR(VLOOKUP(B12,Evening_Shift!B:C,2,0),""),IFERROR(VLOOKUP(B12,Morning_Shift!B:C,2,0),"")) -> Bhawana | D12: =IF(IFERROR(VLOOKUP(B12,Morning_Shift!B:D,3,0),"")="",IFERROR(VLOOKUP(B12,Evening_Shift!B:D,3,0),""),IFERROR(VLOOKUP(B12,Morning_Shift!B:D,3,0),"")) -> Naina | E12: =IF(IFERROR(VLOOKUP(B12,Morning_Shift!B:E,4,0),"")="",IFERROR(VLOOKUP(B12,Evening_Shift!B:E,4,0),""),IFERROR(VLOOKUP(B12,Morning_Shift!B:E,4,0),"")) -> F | F12: =IF(IFERROR(VLOOKUP(B12,Morning_Shift!B:F,5,0),"")="",IFERROR(VLOOKUP(B12,Evening_Shift!B:F,5,0),""),IFERROR(VLOOKUP(B12,Morning_Shift!B:F,5,0),"")) -> Inbound | G12: =IF(IFERROR(VLOOKUP($B12,Morning_Shift!$B$4:$BJ$61,MATCH(Both_Shift_Roster!G$2,Morning_Shift!$B$2:$BJ$2,0),0),"")="",IFERROR(VLOOKUP($B12,Evening_Shift!$B$4:$BJ$62,MATCH(Both_Shift_Roster!G$2,Evening_Shift!$B$2:$BJ$2,0),0),""),IFERROR(VLOOKUP($B12,Morning_Shift!$B$4:$BJ$61,MATCH(Both_Shift_Roster!G$2,Morning_Shift!$B$2:$BJ$2,0),0),"")) -> 7:00-14:30 | H12: =IF(IFERROR(VLOOKUP($B12,Morning_Shift!$B$4:$BJ$61,MATCH(Both_Shift_Roster!H$2,Morning_Shift!$B$2:$BJ$2,0),0),"")="",IFERROR(VLOOKUP($B12,Evening_Shift!$B$4:$BJ$62,MATCH(Both_Shift_Roster!H$2,Evening_Shift!$B$2:$BJ$2,0),0),""),IFERROR(VLOOKUP($B12,Morning_Shift!$B$4:$BJ$61,MATCH(Both_Shift_Roster!H$2,Morning_Shift!$B$2:$BJ$2,0),0),"")) -> 7:00-14:30 | I12: =IF(IFERROR(VLOOKUP($B12,Morning_Shift!$B$4:$BJ$61,MATCH(Both_Shift_Roster!I$2,Morning_Shift!$B$2:$BJ$2,0),0),"")="",IFERROR(VLOOKUP($B12,Evening_Shift!$B$4:$BJ$62,MATCH(Both_Shift_Roster!I$2,Evening_Shift!$B$2:$BJ$2,0),0),""),IFERROR(VLOOKUP($B12,Morning_Shift!$B$4:$BJ$61,MATCH(Both_Shift_Roster!I$2,Morning_Shift!$B$2:$BJ$2,0),0),"")) -> 7:00-14:30 | J12: =IF(IFERROR(VLOOKUP($B12,Morning_Shift!$B$4:$BJ$61,MATCH(Both_Shift_Roster!J$2,Morning_Shift!$B$2:$BJ$2,0),0),"")="",IFERROR(VLOOKUP($B12,Evening_Shift!$B$4:$BJ$62,MATCH(Both_Shift_Roster!J$2,Evening_Shift!$B$2:$BJ$2,0),0),""),IFERROR(VLOOKUP($B12,Morning_Shift!$B$4:$BJ$61,MATCH(Both_Shift_Roster!J$2,Morning_Shift!$B$2:$BJ$2,0),0),"")) -> 7:00-14:30 | K12: =IF(IFERROR(VLOOKUP($B12,Morning_Shift!$B$4:$BJ$61,MATCH(Both_Shift_Roster!K$2,Morning_Shift!$B$2:$BJ$2,0),0),"")="",IFERROR(VLOOKUP($B12,Evening_Shift!$B$4:$BJ$62,MATCH(Both_Shift_Roster!K$2,Evening_Shift!$B$2:$BJ$2,0),0),""),IFERROR(VLOOKUP($B12,Morning_Shift!$B$4:$BJ$61,MATCH(Both_Shift_Roster!K$2,Morning_Shift!$B$2:$BJ$2,0),0),"")) -> Agent Choice WO | L12: =IF(IFERROR(VLOOKUP($B12,Morning_Shift!$B$4:$BJ$61,MATCH(Both_Shift_Roster!L$2,Morning_Shift!$B$2:$BJ$2,0),0),"")="",IFERROR(VLOOKUP($B12,Evening_Shift!$B$4:$BJ$62,MATCH(Both_Shift_Roster!L$2,Evening_Shift!$B$2:$BJ$2,0),0),""),IFERROR(VLOOKUP($B12,Morning_Shift!$B$4:$BJ$61,MATCH(Both_Shift_Roster!L$2,Morning_Shift!$B$2:$BJ$2,0),0),"")) -> Agent Choice WO | M12: =IF(IFERROR(VLOOKUP($B12,Morning_Shift!$B$4:$BJ$61,MATCH(Both_Shift_Roster!M$2,Morning_Shift!$B$2:$BJ$2,0),0),"")="",IFERROR(VLOOKUP($B12,Evening_Shift!$B$4:$BJ$62,MATCH(Both_Shift_Roster!M$2,Evening_Shift!$B$2:$BJ$2,0),0),""),IFERROR(VLOOKUP($B12,Morning_Shift!$B$4:$BJ$61,MATCH(Both_Shift_Roster!M$2,Morning_Shift!$B$2:$BJ$2,0),0),"")) -> Agent Choice WO | N12: =COUNTIF($G12:$M12,"Agent Choice WO") -> 3 | O12: =COUNTIF($G12:$M12,"TL Choice WO") -> 0 | P12: =COUNTIF($G12:$M12,"CL") -> 0 | Q12: =COUNTIF($G12:$M12,"HD") -> 0 | R12: =COUNTIF($G12:$M12,"LP") -> 0 | S12: =IF(IFERROR(VLOOKUP($B12,Morning_Shift!$B$4:$BJ$61,MATCH(Both_Shift_Roster!S$2,Morning_Shift!$B$2:$BJ$2,0),0),"")="",IFERROR(VLOOKUP($B12,Evening_Shift!$B$4:$BJ$62,MATCH(Both_Shift_Roster!S$2,Evening_Shift!$B$2:$BJ$2,0),0),""),IFERROR(VLOOKUP($B12,Morning_Shift!$B$4:$BJ$61,MATCH(Both_Shift_Roster!S$2,Morning_Shift!$B$2:$BJ$2,0),0),"")) -> Agent Choice WO | T12: =IF(IFERROR(VLOOKUP($B12,Morning_Shift!$B$4:$BJ$61,MATCH(Both_Shift_Roster!T$2,Morning_Shift!$B$2:$BJ$2,0),0),"")="",IFERROR(VLOOKUP($B12,Evening_Shift!$B$4:$BJ$62,MATCH(Both_Shift_Roster!T$2,Evening_Shift!$B$2:$BJ$2,0),0),""),IFERROR(VLOOKUP($B12,Morning_Shift!$B$4:$BJ$61,MATCH(Both_Shift_Roster!T$2,Morning_Shift!$B$2:$BJ$2,0),0),"")) -> LP | U12: =IF(IFERROR(VLOOKUP($B12,Morning_Shift!$B$4:$BJ$61,MATCH(Both_Shift_Roster!U$2,Morning_Shift!$B$2:$BJ$2,0),0),"")="",IFERROR(VLOOKUP($B12,Evening_Shift!$B$4:$BJ$62,MATCH(Both_Shift_Roster!U$2,Evening_Shift!$B$2:$BJ$2,0),0),""),IFERROR(VLOOKUP($B12,Morning_Shift!$B$4:$BJ$61,MATCH(Both_Shift_Roster!U$2,Morning_Shift!$B$2:$BJ$2,0),0),"")) -> LP | V12: =IF(IFERROR(VLOOKUP($B12,Morning_Shift!$B$4:$BJ$61,MATCH(Both_Shift_Roster!V$2,Morning_Shift!$B$2:$BJ$2,0),0),"")="",IFERROR(VLOOKUP($B12,Evening_Shift!$B$4:$BJ$62,MATCH(Both_Shift_Roster!V$2,Evening_Shift!$B$2:$BJ$2,0),0),""),IFERROR(VLOOKUP($B12,Morning_Shift!$B$4:$BJ$61,MATCH(Both_Shift_Roster!V$2,Morning_Shift!$B$2:$BJ$2,0),0),"")) -> LP | W12: =IF(IFERROR(VLOOKUP($B12,Morning_Shift!$B$4:$BJ$61,MATCH(Both_Shift_Roster!W$2,Morning_Shift!$B$2:$BJ$2,0),0),"")="",IFERROR(VLOOKUP($B12,Evening_Shift!$B$4:$BJ$62,MATCH(Both_Shift_Roster!W$2,Evening_Shift!$B$2:$BJ$2,0),0),""),IFERROR(VLOOKUP($B12,Morning_Shift!$B$4:$BJ$61,MATCH(Both_Shift_Roster!W$2,Morning_Shift!$B$2:$BJ$2,0),0),"")) -> LP | X12: =IF(IFERROR(VLOOKUP($B12,Morning_Shift!$B$4:$BJ$61,MATCH(Both_Shift_Roster!X$2,Morning_Shift!$B$2:$BJ$2,0),0),"")="",IFERROR(VLOOKUP($B12,Evening_Shift!$B$4:$BJ$62,MATCH(Both_Shift_Roster!X$2,Evening_Shift!$B$2:$BJ$2,0),0),""),IFERROR(VLOOKUP($B12,Morning_Shift!$B$4:$BJ$61,MATCH(Both_Shift_Roster!X$2,Morning_Shift!$B$2:$BJ$2,0),0),"")) -> LP | Y12: =IF(IFERROR(VLOOKUP($B12,Morning_Shift!$B$4:$BJ$61,MATCH(Both_Shift_Roster!Y$2,Morning_Shift!$B$2:$BJ$2,0),0),"")="",IFERROR(VLOOKUP($B12,Evening_Shift!$B$4:$BJ$62,MATCH(Both_Shift_Roster!Y$2,Evening_Shift!$B$2:$BJ$2,0),0),""),IFERROR(VLOOKUP($B12,Morning_Shift!$B$4:$BJ$61,MATCH(Both_Shift_Roster!Y$2,Morning_Shift!$B$2:$BJ$2,0),0),"")) -> LP | Z12: =COUNTIF($S12:$Y12,"Agent Choice WO") -> 1 | AA12: =COUNTIF($S12:$Y12,"TL Choice WO") -> 0 | AB12: =COUNTIF($S12:$Y12,"CL") -> 0 | AC12: =COUNTIF($S12:$Y12,"HD") -> 0 | AD12: =COUNTIF($S12:$Y12,"LP") -> 6 | AE12: =IF(IFERROR(VLOOKUP($B12,Morning_Shift!$B$4:$BJ$61,MATCH(Both_Shift_Roster!AE$2,Morning_Shift!$B$2:$BJ$2,0),0),"")="",IFERROR(VLOOKUP($B12,Evening_Shift!$B$4:$BJ$62,MATCH(Both_Shift_Roster!AE$2,Evening_Shift!$B$2:$BJ$2,0),0),""),IFERROR(VLOOKUP($B12,Morning_Shift!$B$4:$BJ$61,MATCH(Both_Shift_Roster!AE$2,Morning_Shift!$B$2:$BJ$2,0),0),"")) -> LP | AF12: =IF(IFERROR(VLOOKUP($B12,Morning_Shift!$B$4:$BJ$61,MATCH(Both_Shift_Roster!AF$2,Morning_Shift!$B$2:$BJ$2,0),0),"")="",IFERROR(VLOOKUP($B12,Evening_Shift!$B$4:$BJ$62,MATCH(Both_Shift_Roster!AF$2,Evening_Shift!$B$2:$BJ$2,0),0),""),IFERROR(VLOOKUP($B12,Morning_Shift!$B$4:$BJ$61,MATCH(Both_Shift_Roster!AF$2,Morning_Shift!$B$2:$BJ$2,0),0),"")) -> LP | AG12: =IF(IFERROR(VLOOKUP($B12,Morning_Shift!$B$4:$BJ$61,MATCH(Both_Shift_Roster!AG$2,Morning_Shift!$B$2:$BJ$2,0),0),"")="",IFERROR(VLOOKUP($B12,Evening_Shift!$B$4:$BJ$62,MATCH(Both_Shift_Roster!AG$2,Evening_Shift!$B$2:$BJ$2,0),0),""),IFERROR(VLOOKUP($B12,Morning_Shift!$B$4:$BJ$61,MATCH(Both_Shift_Roster!AG$2,Morning_Shift!$B$2:$BJ$2,0),0),"")) -> LP | AH12: =IF(IFERROR(VLOOKUP($B12,Morning_Shift!$B$4:$BJ$61,MATCH(Both_Shift_Roster!AH$2,Morning_Shift!$B$2:$BJ$2,0),0),"")="",IFERROR(VLOOKUP($B12,Evening_Shift!$B$4:$BJ$62,MATCH(Both_Shift_Roster!AH$2,Evening_Shift!$B$2:$BJ$2,0),0),""),IFERROR(VLOOKUP($B12,Morning_Shift!$B$4:$BJ$61,MATCH(Both_Shift_Roster!AH$2,Morning_Shift!$B$2:$BJ$2,0),0),"")) -> LP | AI12: =IF(IFERROR(VLOOKUP($B12,Morning_Shift!$B$4:$BJ$61,MATCH(Both_Shift_Roster!AI$2,Morning_Shift!$B$2:$BJ$2,0),0),"")="",IFERROR(VLOOKUP($B12,Evening_Shift!$B$4:$BJ$62,MATCH(Both_Shift_Roster!AI$2,Evening_Shift!$B$2:$BJ$2,0),0),""),IFERROR(VLOOKUP($B12,Morning_Shift!$B$4:$BJ$61,MATCH(Both_Shift_Roster!AI$2,Morning_Shift!$B$2:$BJ$2,0),0),"")) -> LP | AJ12: =IF(IFERROR(VLOOKUP($B12,Morning_Shift!$B$4:$BJ$61,MATCH(Both_Shift_Roster!AJ$2,Morning_Shift!$B$2:$BJ$2,0),0),"")="",IFERROR(VLOOKUP($B12,Evening_Shift!$B$4:$BJ$62,MATCH(Both_Shift_Roster!AJ$2,Evening_Shift!$B$2:$BJ$2,0),0),""),IFERROR(VLOOKUP($B12,Morning_Shift!$B$4:$BJ$61,MATCH(Both_Shift_Roster!AJ$2,Morning_Shift!$B$2:$BJ$2,0),0),"")) -> 7:00-14:30 | AK12: =IF(IFERROR(VLOOKUP($B12,Morning_Shift!$B$4:$BJ$61,MATCH(Both_Shift_Roster!AK$2,Morning_Shift!$B$2:$BJ$2,0),0),"")="",IFERROR(VLOOKUP($B12,Evening_Shift!$B$4:$BJ$62,MATCH(Both_Shift_Roster!AK$2,Evening_Shift!$B$2:$BJ$2,0),0),""),IFERROR(VLOOKUP($B12,Morning_Shift!$B$4:$BJ$61,MATCH(Both_Shift_Roster!AK$2,Morning_Shift!$B$2:$BJ$2,0),0),"")) -> 7:00-14:30 | AL12: =COUNTIF($AE12:$AK12,"Agent Choice WO") -> 0 | AM12: =COUNTIF($AE12:$AK12,"TL Choice WO") -> 0 | AN12: =COUNTIF($AE12:$AK12,"CL") -> 0 | AO12: =COUNTIF($AE12:$AK12,"HD") -> 0 | AP12: =COUNTIF($AE12:$AK12,"LP") -> 5 | AQ12: =IF(IFERROR(VLOOKUP($B12,Morning_Shift!$B$4:$BJ$61,MATCH(Both_Shift_Roster!AQ$2,Morning_Shift!$B$2:$BJ$2,0),0),"")="",IFERROR(VLOOKUP($B12,Evening_Shift!$B$4:$BJ$62,MATCH(Both_Shift_Roster!AQ$2,Evening_Shift!$B$2:$BJ$2,0),0),""),IFERROR(VLOOKUP($B12,Morning_Shift!$B$4:$BJ$61,MATCH(Both_Shift_Roster!AQ$2,Morning_Shift!$B$2:$BJ$2,0),0),"")) -> 7:00-14:30 | AR12: =IF(IFERROR(VLOOKUP($B12,Morning_Shift!$B$4:$BJ$61,MATCH(Both_Shift_Roster!AR$2,Morning_Shift!$B$2:$BJ$2,0),0),"")="",IFERROR(VLOOKUP($B12,Evening_Shift!$B$4:$BJ$62,MATCH(Both_Shift_Roster!AR$2,Evening_Shift!$B$2:$BJ$2,0),0),""),IFERROR(VLOOKUP($B12,Morning_Shift!$B$4:$BJ$61,MATCH(Both_Shift_Roster!AR$2,Morning_Shift!$B$2:$BJ$2,0),0),"")) -> 7:00-14:30 | AS12: =IF(IFERROR(VLOOKUP($B12,Morning_Shift!$B$4:$BJ$61,MATCH(Both_Shift_Roster!AS$2,Morning_Shift!$B$2:$BJ$2,0),0),"")="",IFERROR(VLOOKUP($B12,Evening_Shift!$B$4:$BJ$62,MATCH(Both_Shift_Roster!AS$2,Evening_Shift!$B$2:$BJ$2,0),0),""),IFERROR(VLOOKUP($B12,Morning_Shift!$B$4:$BJ$61,MATCH(Both_Shift_Roster!AS$2,Morning_Shift!$B$2:$BJ$2,0),0),"")) -> 7:00-14:30 | AT12: =IF(IFERROR(VLOOKUP($B12,Morning_Shift!$B$4:$BJ$61,MATCH(Both_Shift_Roster!AT$2,Morning_Shift!$B$2:$BJ$2,0),0),"")="",IFERROR(VLOOKUP($B12,Evening_Shift!$B$4:$BJ$62,MATCH(Both_Shift_Roster!AT$2,Evening_Shift!$B$2:$BJ$2,0),0),""),IFERROR(VLOOKUP($B12,Morning_Shift!$B$4:$BJ$61,MATCH(Both_Shift_Roster!AT$2,Morning_Shift!$B$2:$BJ$2,0),0),"")) -> 7:00-14:30 | AU12: =IF(IFERROR(VLOOKUP($B12,Morning_Shift!$B$4:$BJ$61,MATCH(Both_Shift_Roster!AU$2,Morning_Shift!$B$2:$BJ$2,0),0),"")="",IFERROR(VLOOKUP($B12,Evening_Shift!$B$4:$BJ$62,MATCH(Both_Shift_Roster!AU$2,Evening_Shift!$B$2:$BJ$2,0),0),""),IFERROR(VLOOKUP($B12,Morning_Shift!$B$4:$BJ$61,MATCH(Both_Shift_Roster!AU$2,Morning_Shift!$B$2:$BJ$2,0),0),"")) -> 7:00-14:30 | AV12: =IF(IFERROR(VLOOKUP($B12,Morning_Shift!$B$4:$BJ$61,MATCH(Both_Shift_Roster!AV$2,Morning_Shift!$B$2:$BJ$2,0),0),"")="",IFERROR(VLOOKUP($B12,Evening_Shift!$B$4:$BJ$62,MATCH(Both_Shift_Roster!AV$2,Evening_Shift!$B$2:$BJ$2,0),0),""),IFERROR(VLOOKUP($B12,Morning_Shift!$B$4:$BJ$61,MATCH(Both_Shift_Roster!AV$2,Morning_Shift!$B$2:$BJ$2,0),0),"")) -> 7:00-14:30 | AW12: =IF(IFERROR(VLOOKUP($B12,Morning_Shift!$B$4:$BJ$61,MATCH(Both_Shift_Roster!AW$2,Morning_Shift!$B$2:$BJ$2,0),0),"")="",IFERROR(VLOOKUP($B12,Evening_Shift!$B$4:$BJ$62,MATCH(Both_Shift_Roster!AW$2,Evening_Shift!$B$2:$BJ$2,0),0),""),IFERROR(VLOOKUP($B12,Morning_Shift!$B$4:$BJ$61,MATCH(Both_Shift_Roster!AW$2,Morning_Shift!$B$2:$BJ$2,0),0),"")) -> 7:00-14:30 | AX12: =COUNTIF($AQ12:$AW12,"Agent Choice WO") -> 0 | AY12: =COUNTIF($AQ12:$AW12,"TL Choice WO") -> 0 | AZ12: =COUNTIF($AQ12:$AW12,"CL") -> 0 | BA12: =COUNTIF($AQ12:$AW12,"HD") -> 0 | BB12: =COUNTIF($AQ12:$AW12,"LP") -> 0 | BC12: =IF(IFERROR(VLOOKUP($B12,Morning_Shift!$B$4:$BJ$61,MATCH(Both_Shift_Roster!BC$2,Morning_Shift!$B$2:$BJ$2,0),0),"")="",IFERROR(VLOOKUP($B12,Evening_Shift!$B$4:$BJ$62,MATCH(Both_Shift_Roster!BC$2,Evening_Shift!$B$2:$BJ$2,0),0),""),IFERROR(VLOOKUP($B12,Morning_Shift!$B$4:$BJ$61,MATCH(Both_Shift_Roster!BC$2,Morning_Shift!$B$2:$BJ$2,0),0),"")) -> 7:00-14:30 | BD12: =IF(IFERROR(VLOOKUP($B12,Morning_Shift!$B$4:$BJ$61,MATCH(Both_Shift_Roster!BD$2,Morning_Shift!$B$2:$BJ$2,0),0),"")="",IFERROR(VLOOKUP($B12,Evening_Shift!$B$4:$BJ$62,MATCH(Both_Shift_Roster!BD$2,Evening_Shift!$B$2:$BJ$2,0),0),""),IFERROR(VLOOKUP($B12,Morning_Shift!$B$4:$BJ$61,MATCH(Both_Shift_Roster!BD$2,Morning_Shift!$B$2:$BJ$2,0),0),"")) -> 7:00-14:30 | BE12: =IF(IFERROR(VLOOKUP($B12,Morning_Shift!$B$4:$BJ$61,MATCH(Both_Shift_Roster!BE$2,Morning_Shift!$B$2:$BJ$2,0),0),"")="",IFERROR(VLOOKUP($B12,Evening_Shift!$B$4:$BJ$59,MATCH(Both_Shift_Roster!BE$2,Evening_Shift!$B$2:$BJ$2,0),0),""),IFERROR(VLOOKUP($B12,Morning_Shift!$B$4:$BJ$61,MATCH(Both_Shift_Roster!BE$2,Morning_Shift!$B$2:$BJ$2,0),0),"")) -> 7:00-14:30 | BF12: =COUNTIF($BC12:$BE12,"Agent Choice WO") -> 0 | BG12: =COUNTIF($BC12:$BE12,"TL Choice WO") -> 0 | BH12: =COUNTIF($BC12:$BE12,"CL") -> 0 | BI12: =COUNTIF($BC12:$BE12,"HD") -> 0 | BJ12: =COUNTIF($BC12:$BE12,"LP") -> 0
A13: =A12+1 -> 10 | B13: =Morning_Shift!$B13 -> Dritm35 | C13: =IF(IFERROR(VLOOKUP(B13,Morning_Shift!B:C,2,0),"")="",IFERROR(VLOOKUP(B13,Evening_Shift!B:C,2,0),""),IFERROR(VLOOKUP(B13,Morning_Shift!B:C,2,0),"")) -> Damini Mattu | D13: =IF(IFERROR(VLOOKUP(B13,Morning_Shift!B:D,3,0),"")="",IFERROR(VLOOKUP(B13,Evening_Shift!B:D,3,0),""),IFERROR(VLOOKUP(B13,Morning_Shift!B:D,3,0),"")) -> Naina | E13: =IF(IFERROR(VLOOKUP(B13,Morning_Shift!B:E,4,0),"")="",IFERROR(VLOOKUP(B13,Evening_Shift!B:E,4,0),""),IFERROR(VLOOKUP(B13,Morning_Shift!B:E,4,0),"")) -> F | F13: =IF(IFERROR(VLOOKUP(B13,Morning_Shift!B:F,5,0),"")="",IFERROR(VLOOKUP(B13,Evening_Shift!B:F,5,0),""),IFERROR(VLOOKUP(B13,Morning_Shift!B:F,5,0),"")) -> Himseva manual preview | G13: =IF(IFERROR(VLOOKUP($B13,Morning_Shift!$B$4:$BJ$61,MATCH(Both_Shift_Roster!G$2,Morning_Shift!$B$2:$BJ$2,0),0),"")="",IFERROR(VLOOKUP($B13,Evening_Shift!$B$4:$BJ$62,MATCH(Both_Shift_Roster!G$2,Evening_Shift!$B$2:$BJ$2,0),0),""),IFERROR(VLOOKUP($B13,Morning_Shift!$B$4:$BJ$61,MATCH(Both_Shift_Roster!G$2,Morning_Shift!$B$2:$BJ$2,0),0),"")) -> 7:00-14:30 | H13: =IF(IFERROR(VLOOKUP($B13,Morning_Shift!$B$4:$BJ$61,MATCH(Both_Shift_Roster!H$2,Morning_Shift!$B$2:$BJ$2,0),0),"")="",IFERROR(VLOOKUP($B13,Evening_Shift!$B$4:$BJ$62,MATCH(Both_Shift_Roster!H$2,Evening_Shift!$B$2:$BJ$2,0),0),""),IFERROR(VLOOKUP($B13,Morning_Shift!$B$4:$BJ$61,MATCH(Both_Shift_Roster!H$2,Morning_Shift!$B$2:$BJ$2,0),0),"")) -> 7:00-14:30 | I13: =IF(IFERROR(VLOOKUP($B13,Morning_Shift!$B$4:$BJ$61,MATCH(Both_Shift_Roster!I$2,Morning_Shift!$B$2:$BJ$2,0),0),"")="",IFERROR(VLOOKUP($B13,Evening_Shift!$B$4:$BJ$62,MATCH(Both_Shift_Roster!I$2,Evening_Shift!$B$2:$BJ$2,0),0),""),IFERROR(VLOOKUP($B13,Morning_Shift!$B$4:$BJ$61,MATCH(Both_Shift_Roster!I$2,Morning_Shift!$B$2:$BJ$2,0),0),"")) -> 7:00-14:30 | J13: =IF(IFERROR(VLOOKUP($B13,Morning_Shift!$B$4:$BJ$61,MATCH(Both_Shift_Roster!J$2,Morning_Shift!$B$2:$BJ$2,0),0),"")="",IFERROR(VLOOKUP($B13,Evening_Shift!$B$4:$BJ$62,MATCH(Both_Shift_Roster!J$2,Evening_Shift!$B$2:$BJ$2,0),0),""),IFERROR(VLOOKUP($B13,Morning_Shift!$B$4:$BJ$61,MATCH(Both_Shift_Roster!J$2,Morning_Shift!$B$2:$BJ$2,0),0),"")) -> 7:00-14:30 | K13: =IF(IFERROR(VLOOKUP($B13,Morning_Shift!$B$4:$BJ$61,MATCH(Both_Shift_Roster!K$2,Morning_Shift!$B$2:$BJ$2,0),0),"")="",IFERROR(VLOOKUP($B13,Evening_Shift!$B$4:$BJ$62,MATCH(Both_Shift_Roster!K$2,Evening_Shift!$B$2:$BJ$2,0),0),""),IFERROR(VLOOKUP($B13,Morning_Shift!$B$4:$BJ$61,MATCH(Both_Shift_Roster!K$2,Morning_Shift!$B$2:$BJ$2,0),0),"")) -> 7:00-14:30 | L13: =IF(IFERROR(VLOOKUP($B13,Morning_Shift!$B$4:$BJ$61,MATCH(Both_Shift_Roster!L$2,Morning_Shift!$B$2:$BJ$2,0),0),"")="",IFERROR(VLOOKUP($B13,Evening_Shift!$B$4:$BJ$62,MATCH(Both_Shift_Roster!L$2,Evening_Shift!$B$2:$BJ$2,0),0),""),IFERROR(VLOOKUP($B13,Morning_Shift!$B$4:$BJ$61,MATCH(Both_Shift_Roster!L$2,Morning_Shift!$B$2:$BJ$2,0),0),"")) -> 7:00-14:30 | M13: =IF(IFERROR(VLOOKUP($B13,Morning_Shift!$B$4:$BJ$61,MATCH(Both_Shift_Roster!M$2,Morning_Shift!$B$2:$BJ$2,0),0),"")="",IFERROR(VLOOKUP($B13,Evening_Shift!$B$4:$BJ$62,MATCH(Both_Shift_Roster!M$2,Evening_Shift!$B$2:$BJ$2,0),0),""),IFERROR(VLOOKUP($B13,Morning_Shift!$B$4:$BJ$61,MATCH(Both_Shift_Roster!M$2,Morning_Shift!$B$2:$BJ$2,0),0),"")) -> 7:00-14:30 | N13: =COUNTIF($G13:$M13,"Agent Choice WO") -> 0 | O13: =COUNTIF($G13:$M13,"TL Choice WO") -> 0 | P13: =COUNTIF($G13:$M13,"CL") -> 0 | Q13: =COUNTIF($G13:$M13,"HD") -> 0 | R13: =COUNTIF($G13:$M13,"LP") -> 0 | S13: =IF(IFERROR(VLOOKUP($B13,Morning_Shift!$B$4:$BJ$61,MATCH(Both_Shift_Roster!S$2,Morning_Shift!$B$2:$BJ$2,0),0),"")="",IFERROR(VLOOKUP($B13,Evening_Shift!$B$4:$BJ$62,MATCH(Both_Shift_Roster!S$2,Evening_Shift!$B$2:$BJ$2,0),0),""),IFERROR(VLOOKUP($B13,Morning_Shift!$B$4:$BJ$61,MATCH(Both_Shift_Roster!S$2,Morning_Shift!$B$2:$BJ$2,0),0),"")) -> 7:00-14:30 | T13: =IF(IFERROR(VLOOKUP($B13,Morning_Shift!$B$4:$BJ$61,MATCH(Both_Shift_Roster!T$2,Morning_Shift!$B$2:$BJ$2,0),0),"")="",IFERROR(VLOOKUP($B13,Evening_Shift!$B$4:$BJ$62,MATCH(Both_Shift_Roster!T$2,Evening_Shift!$B$2:$BJ$2,0),0),""),IFERROR(VLOOKUP($B13,Morning_Shift!$B$4:$BJ$61,MATCH(Both_Shift_Roster!T$2,Morning_Shift!$B$2:$BJ$2,0),0),"")) -> 7:00-14:30 | U13: =IF(IFERROR(VLOOKUP($B13,Morning_Shift!$B$4:$BJ$61,MATCH(Both_Shift_Roster!U$2,Morning_Shift!$B$2:$BJ$2,0),0),"")="",IFERROR(VLOOKUP($B13,Evening_Shift!$B$4:$BJ$62,MATCH(Both_Shift_Roster!U$2,Evening_Shift!$B$2:$BJ$2,0),0),""),IFERROR(VLOOKUP($B13,Morning_Shift!$B$4:$BJ$61,MATCH(Both_Shift_Roster!U$2,Morning_Shift!$B$2:$BJ$2,0),0),"")) -> Agent Choice WO | V13: =IF(IFERROR(VLOOKUP($B13,Morning_Shift!$B$4:$BJ$61,MATCH(Both_Shift_Roster!V$2,Morning_Shift!$B$2:$BJ$2,0),0),"")="",IFERROR(VLOOKUP($B13,Evening_Shift!$B$4:$BJ$62,MATCH(Both_Shift_Roster!V$2,Evening_Shift!$B$2:$BJ$2,0),0),""),IFERROR(VLOOKUP($B13,Morning_Shift!$B$4:$BJ$61,MATCH(Both_Shift_Roster!V$2,Morning_Shift!$B$2:$BJ$2,0),0),"")) -> 7:00-14:30 | W13: =IF(IFERROR(VLOOKUP($B13,Morning_Shift!$B$4:$BJ$61,MATCH(Both_Shift_Roster!W$2,Morning_Shift!$B$2:$BJ$2,0),0),"")="",IFERROR(VLOOKUP($B13,Evening_Shift!$B$4:$BJ$62,MATCH(Both_Shift_Roster!W$2,Evening_Shift!$B$2:$BJ$2,0),0),""),IFERROR(VLOOKUP($B13,Morning_Shift!$B$4:$BJ$61,MATCH(Both_Shift_Roster!W$2,Morning_Shift!$B$2:$BJ$2,0),0),"")) -> 7:00-14:30 | X13: =IF(IFERROR(VLOOKUP($B13,Morning_Shift!$B$4:$BJ$61,MATCH(Both_Shift_Roster!X$2,Morning_Shift!$B$2:$BJ$2,0),0),"")="",IFERROR(VLOOKUP($B13,Evening_Shift!$B$4:$BJ$62,MATCH(Both_Shift_Roster!X$2,Evening_Shift!$B$2:$BJ$2,0),0),""),IFERROR(VLOOKUP($B13,Morning_Shift!$B$4:$BJ$61,MATCH(Both_Shift_Roster!X$2,Morning_Shift!$B$2:$BJ$2,0),0),"")) -> 7:00-14:30 | Y13: =IF(IFERROR(VLOOKUP($B13,Morning_Shift!$B$4:$BJ$61,MATCH(Both_Shift_Roster!Y$2,Morning_Shift!$B$2:$BJ$2,0),0),"")="",IFERROR(VLOOKUP($B13,Evening_Shift!$B$4:$BJ$62,MATCH(Both_Shift_Roster!Y$2,Evening_Shift!$B$2:$BJ$2,0),0),""),IFERROR(VLOOKUP($B13,Morning_Shift!$B$4:$BJ$61,MATCH(Both_Shift_Roster!Y$2,Morning_Shift!$B$2:$BJ$2,0),0),"")) -> 7:00-14:30 | Z13: =COUNTIF($S13:$Y13,"Agent Choice WO") -> 1 | AA13: =COUNTIF($S13:$Y13,"TL Choice WO") -> 0 | AB13: =COUNTIF($S13:$Y13,"CL") -> 0 | AC13: =COUNTIF($S13:$Y13,"HD") -> 0 | AD13: =COUNTIF($S13:$Y13,"LP") -> 0 | AE13: =IF(IFERROR(VLOOKUP($B13,Morning_Shift!$B$4:$BJ$61,MATCH(Both_Shift_Roster!AE$2,Morning_Shift!$B$2:$BJ$2,0),0),"")="",IFERROR(VLOOKUP($B13,Evening_Shift!$B$4:$BJ$62,MATCH(Both_Shift_Roster!AE$2,Evening_Shift!$B$2:$BJ$2,0),0),""),IFERROR(VLOOKUP($B13,Morning_Shift!$B$4:$BJ$61,MATCH(Both_Shift_Roster!AE$2,Morning_Shift!$B$2:$BJ$2,0),0),"")) -> 7:00-14:30 | AF13: =IF(IFERROR(VLOOKUP($B13,Morning_Shift!$B$4:$BJ$61,MATCH(Both_Shift_Roster!AF$2,Morning_Shift!$B$2:$BJ$2,0),0),"")="",IFERROR(VLOOKUP($B13,Evening_Shift!$B$4:$BJ$62,MATCH(Both_Shift_Roster!AF$2,Evening_Shift!$B$2:$BJ$2,0),0),""),IFERROR(VLOOKUP($B13,Morning_Shift!$B$4:$BJ$61,MATCH(Both_Shift_Roster!AF$2,Morning_Shift!$B$2:$BJ$2,0),0),"")) -> 7:00-14:30 | AG13: =IF(IFERROR(VLOOKUP($B13,Morning_Shift!$B$4:$BJ$61,MATCH(Both_Shift_Roster!AG$2,Morning_Shift!$B$2:$BJ$2,0),0),"")="",IFERROR(VLOOKUP($B13,Evening_Shift!$B$4:$BJ$62,MATCH(Both_Shift_Roster!AG$2,Evening_Shift!$B$2:$BJ$2,0),0),""),IFERROR(VLOOKUP($B13,Morning_Shift!$B$4:$BJ$61,MATCH(Both_Shift_Roster!AG$2,Morning_Shift!$B$2:$BJ$2,0),0),"")) -> 7:00-14:30 | AH13: =IF(IFERROR(VLOOKUP($B13,Morning_Shift!$B$4:$BJ$61,MATCH(Both_Shift_Roster!AH$2,Morning_Shift!$B$2:$BJ$2,0),0),"")="",IFERROR(VLOOKUP($B13,Evening_Shift!$B$4:$BJ$62,MATCH(Both_Shift_Roster!AH$2,Evening_Shift!$B$2:$BJ$2,0),0),""),IFERROR(VLOOKUP($B13,Morning_Shift!$B$4:$BJ$61,MATCH(Both_Shift_Roster!AH$2,Morning_Shift!$B$2:$BJ$2,0),0),"")) -> 7:00-14:30 | AI13: =IF(IFERROR(VLOOKUP($B13,Morning_Shift!$B$4:$BJ$61,MATCH(Both_Shift_Roster!AI$2,Morning_Shift!$B$2:$BJ$2,0),0),"")="",IFERROR(VLOOKUP($B13,Evening_Shift!$B$4:$BJ$62,MATCH(Both_Shift_Roster!AI$2,Evening_Shift!$B$2:$BJ$2,0),0),""),IFERROR(VLOOKUP($B13,Morning_Shift!$B$4:$BJ$61,MATCH(Both_Shift_Roster!AI$2,Morning_Shift!$B$2:$BJ$2,0),0),"")) -> Agent Choice WO | AJ13: =IF(IFERROR(VLOOKUP($B13,Morning_Shift!$B$4:$BJ$61,MATCH(Both_Shift_Roster!AJ$2,Morning_Shift!$B$2:$BJ$2,0),0),"")="",IFERROR(VLOOKUP($B13,Evening_Shift!$B$4:$BJ$62,MATCH(Both_Shift_Roster!AJ$2,Evening_Shift!$B$2:$BJ$2,0),0),""),IFERROR(VLOOKUP($B13,Morning_Shift!$B$4:$BJ$61,MATCH(Both_Shift_Roster!AJ$2,Morning_Shift!$B$2:$BJ$2,0),0),"")) -> 7:00-14:30 | AK13: =IF(IFERROR(VLOOKUP($B13,Morning_Shift!$B$4:$BJ$61,MATCH(Both_Shift_Roster!AK$2,Morning_Shift!$B$2:$BJ$2,0),0),"")="",IFERROR(VLOOKUP($B13,Evening_Shift!$B$4:$BJ$62,MATCH(Both_Shift_Roster!AK$2,Evening_Shift!$B$2:$BJ$2,0),0),""),IFERROR(VLOOKUP($B13,Morning_Shift!$B$4:$BJ$61,MATCH(Both_Shift_Roster!AK$2,Morning_Shift!$B$2:$BJ$2,0),0),"")) -> 7:00-14:30 | AL13: =COUNTIF($AE13:$AK13,"Agent Choice WO") -> 1 | AM13: =COUNTIF($AE13:$AK13,"TL Choice WO") -> 0 | AN13: =COUNTIF($AE13:$AK13,"CL") -> 0 | AO13: =COUNTIF($AE13:$AK13,"HD") -> 0 | AP13: =COUNTIF($AE13:$AK13,"LP") -> 0 | AQ13: =IF(IFERROR(VLOOKUP($B13,Morning_Shift!$B$4:$BJ$61,MATCH(Both_Shift_Roster!AQ$2,Morning_Shift!$B$2:$BJ$2,0),0),"")="",IFERROR(VLOOKUP($B13,Evening_Shift!$B$4:$BJ$62,MATCH(Both_Shift_Roster!AQ$2,Evening_Shift!$B$2:$BJ$2,0),0),""),IFERROR(VLOOKUP($B13,Morning_Shift!$B$4:$BJ$61,MATCH(Both_Shift_Roster!AQ$2,Morning_Shift!$B$2:$BJ$2,0),0),"")) -> 7:00-14:30 | AR13: =IF(IFERROR(VLOOKUP($B13,Morning_Shift!$B$4:$BJ$61,MATCH(Both_Shift_Roster!AR$2,Morning_Shift!$B$2:$BJ$2,0),0),"")="",IFERROR(VLOOKUP($B13,Evening_Shift!$B$4:$BJ$62,MATCH(Both_Shift_Roster!AR$2,Evening_Shift!$B$2:$BJ$2,0),0),""),IFERROR(VLOOKUP($B13,Morning_Shift!$B$4:$BJ$61,MATCH(Both_Shift_Roster!AR$2,Morning_Shift!$B$2:$BJ$2,0),0),"")) -> Agent Choice WO | AS13: =IF(IFERROR(VLOOKUP($B13,Morning_Shift!$B$4:$BJ$61,MATCH(Both_Shift_Roster!AS$2,Morning_Shift!$B$2:$BJ$2,0),0),"")="",IFERROR(VLOOKUP($B13,Evening_Shift!$B$4:$BJ$62,MATCH(Both_Shift_Roster!AS$2,Evening_Shift!$B$2:$BJ$2,0),0),""),IFERROR(VLOOKUP($B13,Morning_Shift!$B$4:$BJ$61,MATCH(Both_Shift_Roster!AS$2,Morning_Shift!$B$2:$BJ$2,0),0),"")) -> 7:00-14:30 | AT13: =IF(IFERROR(VLOOKUP($B13,Morning_Shift!$B$4:$BJ$61,MATCH(Both_Shift_Roster!AT$2,Morning_Shift!$B$2:$BJ$2,0),0),"")="",IFERROR(VLOOKUP($B13,Evening_Shift!$B$4:$BJ$62,MATCH(Both_Shift_Roster!AT$2,Evening_Shift!$B$2:$BJ$2,0),0),""),IFERROR(VLOOKUP($B13,Morning_Shift!$B$4:$BJ$61,MATCH(Both_Shift_Roster!AT$2,Morning_Shift!$B$2:$BJ$2,0),0),"")) -> 7:00-14:30 | AU13: =IF(IFERROR(VLOOKUP($B13,Morning_Shift!$B$4:$BJ$61,MATCH(Both_Shift_Roster!AU$2,Morning_Shift!$B$2:$BJ$2,0),0),"")="",IFERROR(VLOOKUP($B13,Evening_Shift!$B$4:$BJ$62,MATCH(Both_Shift_Roster!AU$2,Evening_Shift!$B$2:$BJ$2,0),0),""),IFERROR(VLOOKUP($B13,Morning_Shift!$B$4:$BJ$61,MATCH(Both_Shift_Roster!AU$2,Morning_Shift!$B$2:$BJ$2,0),0),"")) -> 7:00-14:30 | AV13: =IF(IFERROR(VLOOKUP($B13,Morning_Shift!$B$4:$BJ$61,MATCH(Both_Shift_Roster!AV$2,Morning_Shift!$B$2:$BJ$2,0),0),"")="",IFERROR(VLOOKUP($B13,Evening_Shift!$B$4:$BJ$62,MATCH(Both_Shift_Roster!AV$2,Evening_Shift!$B$2:$BJ$2,0),0),""),IFERROR(VLOOKUP($B13,Morning_Shift!$B$4:$BJ$61,MATCH(Both_Shift_Roster!AV$2,Morning_Shift!$B$2:$BJ$2,0),0),"")) -> 7:00-14:30 | AW13: =IF(IFERROR(VLOOKUP($B13,Morning_Shift!$B$4:$BJ$61,MATCH(Both_Shift_Roster!AW$2,Morning_Shift!$B$2:$BJ$2,0),0),"")="",IFERROR(VLOOKUP($B13,Evening_Shift!$B$4:$BJ$62,MATCH(Both_Shift_Roster!AW$2,Evening_Shift!$B$2:$BJ$2,0),0),""),IFERROR(VLOOKUP($B13,Morning_Shift!$B$4:$BJ$61,MATCH(Both_Shift_Roster!AW$2,Morning_Shift!$B$2:$BJ$2,0),0),"")) -> 7:00-14:30 | AX13: =COUNTIF($AQ13:$AW13,"Agent Choice WO") -> 1 | AY13: =COUNTIF($AQ13:$AW13,"TL Choice WO") -> 0 | AZ13: =COUNTIF($AQ13:$AW13,"CL") -> 0 | BA13: =COUNTIF($AQ13:$AW13,"HD") -> 0 | BB13: =COUNTIF($AQ13:$AW13,"LP") -> 0 | BC13: =IF(IFERROR(VLOOKUP($B13,Morning_Shift!$B$4:$BJ$61,MATCH(Both_Shift_Roster!BC$2,Morning_Shift!$B$2:$BJ$2,0),0),"")="",IFERROR(VLOOKUP($B13,Evening_Shift!$B$4:$BJ$62,MATCH(Both_Shift_Roster!BC$2,Evening_Shift!$B$2:$BJ$2,0),0),""),IFERROR(VLOOKUP($B13,Morning_Shift!$B$4:$BJ$61,MATCH(Both_Shift_Roster!BC$2,Morning_Shift!$B$2:$BJ$2,0),0),"")) -> 7:00-14:30 | BD13: =IF(IFERROR(VLOOKUP($B13,Morning_Shift!$B$4:$BJ$61,MATCH(Both_Shift_Roster!BD$2,Morning_Shift!$B$2:$BJ$2,0),0),"")="",IFERROR(VLOOKUP($B13,Evening_Shift!$B$4:$BJ$62,MATCH(Both_Shift_Roster!BD$2,Evening_Shift!$B$2:$BJ$2,0),0),""),IFERROR(VLOOKUP($B13,Morning_Shift!$B$4:$BJ$61,MATCH(Both_Shift_Roster!BD$2,Morning_Shift!$B$2:$BJ$2,0),0),"")) -> Agent Choice WO | BE13: =IF(IFERROR(VLOOKUP($B13,Morning_Shift!$B$4:$BJ$61,MATCH(Both_Shift_Roster!BE$2,Morning_Shift!$B$2:$BJ$2,0),0),"")="",IFERROR(VLOOKUP($B13,Evening_Shift!$B$4:$BJ$59,MATCH(Both_Shift_Roster!BE$2,Evening_Shift!$B$2:$BJ$2,0),0),""),IFERROR(VLOOKUP($B13,Morning_Shift!$B$4:$BJ$61,MATCH(Both_Shift_Roster!BE$2,Morning_Shift!$B$2:$BJ$2,0),0),"")) -> 7:00-14:30 | BF13: =COUNTIF($BC13:$BE13,"Agent Choice WO") -> 1 | BG13: =COUNTIF($BC13:$BE13,"TL Choice WO") -> 0 | BH13: =COUNTIF($BC13:$BE13,"CL") -> 0 | BI13: =COUNTIF($BC13:$BE13,"HD") -> 0 | BJ13: =COUNTIF($BC13:$BE13,"LP") -> 0
A14: =A13+1 -> 11 | B14: =Morning_Shift!$B14 -> Dritm54 | C14: =IF(IFERROR(VLOOKUP(B14,Morning_Shift!B:C,2,0),"")="",IFERROR(VLOOKUP(B14,Evening_Shift!B:C,2,0),""),IFERROR(VLOOKUP(B14,Morning_Shift!B:C,2,0),"")) -> Deepika Rana | D14: =IF(IFERROR(VLOOKUP(B14,Morning_Shift!B:D,3,0),"")="",IFERROR(VLOOKUP(B14,Evening_Shift!B:D,3,0),""),IFERROR(VLOOKUP(B14,Morning_Shift!B:D,3,0),"")) -> Naina | E14: =IF(IFERROR(VLOOKUP(B14,Morning_Shift!B:E,4,0),"")="",IFERROR(VLOOKUP(B14,Evening_Shift!B:E,4,0),""),IFERROR(VLOOKUP(B14,Morning_Shift!B:E,4,0),"")) -> F | F14: =IF(IFERROR(VLOOKUP(B14,Morning_Shift!B:F,5,0),"")="",IFERROR(VLOOKUP(B14,Evening_Shift!B:F,5,0),""),IFERROR(VLOOKUP(B14,Morning_Shift!B:F,5,0),"")) -> Inbound | G14: =IF(IFERROR(VLOOKUP($B14,Morning_Shift!$B$4:$BJ$61,MATCH(Both_Shift_Roster!G$2,Morning_Shift!$B$2:$BJ$2,0),0),"")="",IFERROR(VLOOKUP($B14,Evening_Shift!$B$4:$BJ$62,MATCH(Both_Shift_Roster!G$2,Evening_Shift!$B$2:$BJ$2,0),0),""),IFERROR(VLOOKUP($B14,Morning_Shift!$B$4:$BJ$61,MATCH(Both_Shift_Roster!G$2,Morning_Shift!$B$2:$BJ$2,0),0),"")) -> 7:00-14:30 | H14: =IF(IFERROR(VLOOKUP($B14,Morning_Shift!$B$4:$BJ$61,MATCH(Both_Shift_Roster!H$2,Morning_Shift!$B$2:$BJ$2,0),0),"")="",IFERROR(VLOOKUP($B14,Evening_Shift!$B$4:$BJ$62,MATCH(Both_Shift_Roster!H$2,Evening_Shift!$B$2:$BJ$2,0),0),""),IFERROR(VLOOKUP($B14,Morning_Shift!$B$4:$BJ$61,MATCH(Both_Shift_Roster!H$2,Morning_Shift!$B$2:$BJ$2,0),0),"")) -> 7:00-14:30 | I14: =IF(IFERROR(VLOOKUP($B14,Morning_Shift!$B$4:$BJ$61,MATCH(Both_Shift_Roster!I$2,Morning_Shift!$B$2:$BJ$2,0),0),"")="",IFERROR(VLOOKUP($B14,Evening_Shift!$B$4:$BJ$62,MATCH(Both_Shift_Roster!I$2,Evening_Shift!$B$2:$BJ$2,0),0),""),IFERROR(VLOOKUP($B14,Morning_Shift!$B$4:$BJ$61,MATCH(Both_Shift_Roster!I$2,Morning_Shift!$B$2:$BJ$2,0),0),"")) -> 7:00-14:30 | J14: =IF(IFERROR(VLOOKUP($B14,Morning_Shift!$B$4:$BJ$61,MATCH(Both_Shift_Roster!J$2,Morning_Shift!$B$2:$BJ$2,0),0),"")="",IFERROR(VLOOKUP($B14,Evening_Shift!$B$4:$BJ$62,MATCH(Both_Shift_Roster!J$2,Evening_Shift!$B$2:$BJ$2,0),0),""),IFERROR(VLOOKUP($B14,Morning_Shift!$B$4:$BJ$61,MATCH(Both_Shift_Roster!J$2,Morning_Shift!$B$2:$BJ$2,0),0),"")) -> 7:00-14:30 | K14: =IF(IFERROR(VLOOKUP($B14,Morning_Shift!$B$4:$BJ$61,MATCH(Both_Shift_Roster!K$2,Morning_Shift!$B$2:$BJ$2,0),0),"")="",IFERROR(VLOOKUP($B14,Evening_Shift!$B$4:$BJ$62,MATCH(Both_Shift_Roster!K$2,Evening_Shift!$B$2:$BJ$2,0),0),""),IFERROR(VLOOKUP($B14,Morning_Shift!$B$4:$BJ$61,MATCH(Both_Shift_Roster!K$2,Morning_Shift!$B$2:$BJ$2,0),0),"")) -> 7:00-14:30 | L14: =IF(IFERROR(VLOOKUP($B14,Morning_Shift!$B$4:$BJ$61,MATCH(Both_Shift_Roster!L$2,Morning_Shift!$B$2:$BJ$2,0),0),"")="",IFERROR(VLOOKUP($B14,Evening_Shift!$B$4:$BJ$62,MATCH(Both_Shift_Roster!L$2,Evening_Shift!$B$2:$BJ$2,0),0),""),IFERROR(VLOOKUP($B14,Morning_Shift!$B$4:$BJ$61,MATCH(Both_Shift_Roster!L$2,Morning_Shift!$B$2:$BJ$2,0),0),"")) -> 7:00-14:30 | M14: =IF(IFERROR(VLOOKUP($B14,Morning_Shift!$B$4:$BJ$61,MATCH(Both_Shift_Roster!M$2,Morning_Shift!$B$2:$BJ$2,0),0),"")="",IFERROR(VLOOKUP($B14,Evening_Shift!$B$4:$BJ$62,MATCH(Both_Shift_Roster!M$2,Evening_Shift!$B$2:$BJ$2,0),0),""),IFERROR(VLOOKUP($B14,Morning_Shift!$B$4:$BJ$61,MATCH(Both_Shift_Roster!M$2,Morning_Shift!$B$2:$BJ$2,0),0),"")) -> 7:00-14:30 | N14: =COUNTIF($G14:$M14,"Agent Choice WO") -> 0 | O14: =COUNTIF($G14:$M14,"TL Choice WO") -> 0 | P14: =COUNTIF($G14:$M14,"CL") -> 0 | Q14: =COUNTIF($G14:$M14,"HD") -> 0 | R14: =COUNTIF($G14:$M14,"LP") -> 0 | S14: =IF(IFERROR(VLOOKUP($B14,Morning_Shift!$B$4:$BJ$61,MATCH(Both_Shift_Roster!S$2,Morning_Shift!$B$2:$BJ$2,0),0),"")="",IFERROR(VLOOKUP($B14,Evening_Shift!$B$4:$BJ$62,MATCH(Both_Shift_Roster!S$2,Evening_Shift!$B$2:$BJ$2,0),0),""),IFERROR(VLOOKUP($B14,Morning_Shift!$B$4:$BJ$61,MATCH(Both_Shift_Roster!S$2,Morning_Shift!$B$2:$BJ$2,0),0),"")) -> 7:00-14:30 | T14: =IF(IFERROR(VLOOKUP($B14,Morning_Shift!$B$4:$BJ$61,MATCH(Both_Shift_Roster!T$2,Morning_Shift!$B$2:$BJ$2,0),0),"")="",IFERROR(VLOOKUP($B14,Evening_Shift!$B$4:$BJ$62,MATCH(Both_Shift_Roster!T$2,Evening_Shift!$B$2:$BJ$2,0),0),""),IFERROR(VLOOKUP($B14,Morning_Shift!$B$4:$BJ$61,MATCH(Both_Shift_Roster!T$2,Morning_Shift!$B$2:$BJ$2,0),0),"")) -> 7:00-14:30 | U14: =IF(IFERROR(VLOOKUP($B14,Morning_Shift!$B$4:$BJ$61,MATCH(Both_Shift_Roster!U$2,Morning_Shift!$B$2:$BJ$2,0),0),"")="",IFERROR(VLOOKUP($B14,Evening_Shift!$B$4:$BJ$62,MATCH(Both_Shift_Roster!U$2,Evening_Shift!$B$2:$BJ$2,0),0),""),IFERROR(VLOOKUP($B14,Morning_Shift!$B$4:$BJ$61,MATCH(Both_Shift_Roster!U$2,Morning_Shift!$B$2:$BJ$2,0),0),"")) -> 7:00-14:30 | V14: =IF(IFERROR(VLOOKUP($B14,Morning_Shift!$B$4:$BJ$61,MATCH(Both_Shift_Roster!V$2,Morning_Shift!$B$2:$BJ$2,0),0),"")="",IFERROR(VLOOKUP($B14,Evening_Shift!$B$4:$BJ$62,MATCH(Both_Shift_Roster!V$2,Evening_Shift!$B$2:$BJ$2,0),0),""),IFERROR(VLOOKUP($B14,Morning_Shift!$B$4:$BJ$61,MATCH(Both_Shift_Roster!V$2,Morning_Shift!$B$2:$BJ$2,0),0),"")) -> Agent Choice WO | W14: =IF(IFERROR(VLOOKUP($B14,Morning_Shift!$B$4:$BJ$61,MATCH(Both_Shift_Roster!W$2,Morning_Shift!$B$2:$BJ$2,0),0),"")="",IFERROR(VLOOKUP($B14,Evening_Shift!$B$4:$BJ$62,MATCH(Both_Shift_Roster!W$2,Evening_Shift!$B$2:$BJ$2,0),0),""),IFERROR(VLOOKUP($B14,Morning_Shift!$B$4:$BJ$61,MATCH(Both_Shift_Roster!W$2,Morning_Shift!$B$2:$BJ$2,0),0),"")) -> 7:00-14:30 | X14: =IF(IFERROR(VLOOKUP($B14,Morning_Shift!$B$4:$BJ$61,MATCH(Both_Shift_Roster!X$2,Morning_Shift!$B$2:$BJ$2,0),0),"")="",IFERROR(VLOOKUP($B14,Evening_Shift!$B$4:$BJ$62,MATCH(Both_Shift_Roster!X$2,Evening_Shift!$B$2:$BJ$2,0),0),""),IFERROR(VLOOKUP($B14,Morning_Shift!$B$4:$BJ$61,MATCH(Both_Shift_Roster!X$2,Morning_Shift!$B$2:$BJ$2,0),0),"")) -> 7:00-14:30 | Y14: =IF(IFERROR(VLOOKUP($B14,Morning_Shift!$B$4:$BJ$61,MATCH(Both_Shift_Roster!Y$2,Morning_Shift!$B$2:$BJ$2,0),0),"")="",IFERROR(VLOOKUP($B14,Evening_Shift!$B$4:$BJ$62,MATCH(Both_Shift_Roster!Y$2,Evening_Shift!$B$2:$BJ$2,0),0),""),IFERROR(VLOOKUP($B14,Morning_Shift!$B$4:$BJ$61,MATCH(Both_Shift_Roster!Y$2,Morning_Shift!$B$2:$BJ$2,0),0),"")) -> 7:00-14:30 | Z14: =COUNTIF($S14:$Y14,"Agent Choice WO") -> 1 | AA14: =COUNTIF($S14:$Y14,"TL Choice WO") -> 0 | AB14: =COUNTIF($S14:$Y14,"CL") -> 0 | AC14: =COUNTIF($S14:$Y14,"HD") -> 0 | AD14: =COUNTIF($S14:$Y14,"LP") -> 0 | AE14: =IF(IFERROR(VLOOKUP($B14,Morning_Shift!$B$4:$BJ$61,MATCH(Both_Shift_Roster!AE$2,Morning_Shift!$B$2:$BJ$2,0),0),"")="",IFERROR(VLOOKUP($B14,Evening_Shift!$B$4:$BJ$62,MATCH(Both_Shift_Roster!AE$2,Evening_Shift!$B$2:$BJ$2,0),0),""),IFERROR(VLOOKUP($B14,Morning_Shift!$B$4:$BJ$61,MATCH(Both_Shift_Roster!AE$2,Morning_Shift!$B$2:$BJ$2,0),0),"")) -> 7:00-14:30 | AF14: =IF(IFERROR(VLOOKUP($B14,Morning_Shift!$B$4:$BJ$61,MATCH(Both_Shift_Roster!AF$2,Morning_Shift!$B$2:$BJ$2,0),0),"")="",IFERROR(VLOOKUP($B14,Evening_Shift!$B$4:$BJ$62,MATCH(Both_Shift_Roster!AF$2,Evening_Shift!$B$2:$BJ$2,0),0),""),IFERROR(VLOOKUP($B14,Morning_Shift!$B$4:$BJ$61,MATCH(Both_Shift_Roster!AF$2,Morning_Shift!$B$2:$BJ$2,0),0),"")) -> 7:00-14:30 | AG14: =IF(IFERROR(VLOOKUP($B14,Morning_Shift!$B$4:$BJ$61,MATCH(Both_Shift_Roster!AG$2,Morning_Shift!$B$2:$BJ$2,0),0),"")="",IFERROR(VLOOKUP($B14,Evening_Shift!$B$4:$BJ$62,MATCH(Both_Shift_Roster!AG$2,Evening_Shift!$B$2:$BJ$2,0),0),""),IFERROR(VLOOKUP($B14,Morning_Shift!$B$4:$BJ$61,MATCH(Both_Shift_Roster!AG$2,Morning_Shift!$B$2:$BJ$2,0),0),"")) -> 7:00-14:30 | AH14: =IF(IFERROR(VLOOKUP($B14,Morning_Shift!$B$4:$BJ$61,MATCH(Both_Shift_Roster!AH$2,Morning_Shift!$B$2:$BJ$2,0),0),"")="",IFERROR(VLOOKUP($B14,Evening_Shift!$B$4:$BJ$62,MATCH(Both_Shift_Roster!AH$2,Evening_Shift!$B$2:$BJ$2,0),0),""),IFERROR(VLOOKUP($B14,Morning_Shift!$B$4:$BJ$61,MATCH(Both_Shift_Roster!AH$2,Morning_Shift!$B$2:$BJ$2,0),0),"")) -> 7:00-14:30 | AI14: =IF(IFERROR(VLOOKUP($B14,Morning_Shift!$B$4:$BJ$61,MATCH(Both_Shift_Roster!AI$2,Morning_Shift!$B$2:$BJ$2,0),0),"")="",IFERROR(VLOOKUP($B14,Evening_Shift!$B$4:$BJ$62,MATCH(Both_Shift_Roster!AI$2,Evening_Shift!$B$2:$BJ$2,0),0),""),IFERROR(VLOOKUP($B14,Morning_Shift!$B$4:$BJ$61,MATCH(Both_Shift_Roster!AI$2,Morning_Shift!$B$2:$BJ$2,0),0),"")) -> 7:00-14:30 | AJ14: =IF(IFERROR(VLOOKUP($B14,Morning_Shift!$B$4:$BJ$61,MATCH(Both_Shift_Roster!AJ$2,Morning_Shift!$B$2:$BJ$2,0),0),"")="",IFERROR(VLOOKUP($B14,Evening_Shift!$B$4:$BJ$62,MATCH(Both_Shift_Roster!AJ$2,Evening_Shift!$B$2:$BJ$2,0),0),""),IFERROR(VLOOKUP($B14,Morning_Shift!$B$4:$BJ$61,MATCH(Both_Shift_Roster!AJ$2,Morning_Shift!$B$2:$BJ$2,0),0),"")) -> Agent Choice WO | AK14: =IF(IFERROR(VLOOKUP($B14,Morning_Shift!$B$4:$BJ$61,MATCH(Both_Shift_Roster!AK$2,Morning_Shift!$B$2:$BJ$2,0),0),"")="",IFERROR(VLOOKUP($B14,Evening_Shift!$B$4:$BJ$62,MATCH(Both_Shift_Roster!AK$2,Evening_Shift!$B$2:$BJ$2,0),0),""),IFERROR(VLOOKUP($B14,Morning_Shift!$B$4:$BJ$61,MATCH(Both_Shift_Roster!AK$2,Morning_Shift!$B$2:$BJ$2,0),0),"")) -> Agent Choice WO | AL14: =COUNTIF($AE14:$AK14,"Agent Choice WO") -> 2 | AM14: =COUNTIF($AE14:$AK14,"TL Choice WO") -> 0 | AN14: =COUNTIF($AE14:$AK14,"CL") -> 0 | AO14: =COUNTIF($AE14:$AK14,"HD") -> 0 | AP14: =COUNTIF($AE14:$AK14,"LP") -> 0 | AQ14: =IF(IFERROR(VLOOKUP($B14,Morning_Shift!$B$4:$BJ$61,MATCH(Both_Shift_Roster!AQ$2,Morning_Shift!$B$2:$BJ$2,0),0),"")="",IFERROR(VLOOKUP($B14,Evening_Shift!$B$4:$BJ$62,MATCH(Both_Shift_Roster!AQ$2,Evening_Shift!$B$2:$BJ$2,0),0),""),IFERROR(VLOOKUP($B14,Morning_Shift!$B$4:$BJ$61,MATCH(Both_Shift_Roster!AQ$2,Morning_Shift!$B$2:$BJ$2,0),0),"")) -> Agent Choice WO | AR14: =IF(IFERROR(VLOOKUP($B14,Morning_Shift!$B$4:$BJ$61,MATCH(Both_Shift_Roster!AR$2,Morning_Shift!$B$2:$BJ$2,0),0),"")="",IFERROR(VLOOKUP($B14,Evening_Shift!$B$4:$BJ$62,MATCH(Both_Shift_Roster!AR$2,Evening_Shift!$B$2:$BJ$2,0),0),""),IFERROR(VLOOKUP($B14,Morning_Shift!$B$4:$BJ$61,MATCH(Both_Shift_Roster!AR$2,Morning_Shift!$B$2:$BJ$2,0),0),"")) -> CL | AS14: =IF(IFERROR(VLOOKUP($B14,Morning_Shift!$B$4:$BJ$61,MATCH(Both_Shift_Roster!AS$2,Morning_Shift!$B$2:$BJ$2,0),0),"")="",IFERROR(VLOOKUP($B14,Evening_Shift!$B$4:$BJ$62,MATCH(Both_Shift_Roster!AS$2,Evening_Shift!$B$2:$BJ$2,0),0),""),IFERROR(VLOOKUP($B14,Morning_Shift!$B$4:$BJ$61,MATCH(Both_Shift_Roster!AS$2,Morning_Shift!$B$2:$BJ$2,0),0),"")) -> 7:00-14:30 | AT14: =IF(IFERROR(VLOOKUP($B14,Morning_Shift!$B$4:$BJ$61,MATCH(Both_Shift_Roster!AT$2,Morning_Shift!$B$2:$BJ$2,0),0),"")="",IFERROR(VLOOKUP($B14,Evening_Shift!$B$4:$BJ$62,MATCH(Both_Shift_Roster!AT$2,Evening_Shift!$B$2:$BJ$2,0),0),""),IFERROR(VLOOKUP($B14,Morning_Shift!$B$4:$BJ$61,MATCH(Both_Shift_Roster!AT$2,Morning_Shift!$B$2:$BJ$2,0),0),"")) -> 7:00-14:30 | AU14: =IF(IFERROR(VLOOKUP($B14,Morning_Shift!$B$4:$BJ$61,MATCH(Both_Shift_Roster!AU$2,Morning_Shift!$B$2:$BJ$2,0),0),"")="",IFERROR(VLOOKUP($B14,Evening_Shift!$B$4:$BJ$62,MATCH(Both_Shift_Roster!AU$2,Evening_Shift!$B$2:$BJ$2,0),0),""),IFERROR(VLOOKUP($B14,Morning_Shift!$B$4:$BJ$61,MATCH(Both_Shift_Roster!AU$2,Morning_Shift!$B$2:$BJ$2,0),0),"")) -> 7:00-14:30 | AV14: =IF(IFERROR(VLOOKUP($B14,Morning_Shift!$B$4:$BJ$61,MATCH(Both_Shift_Roster!AV$2,Morning_Shift!$B$2:$BJ$2,0),0),"")="",IFERROR(VLOOKUP($B14,Evening_Shift!$B$4:$BJ$62,MATCH(Both_Shift_Roster!AV$2,Evening_Shift!$B$2:$BJ$2,0),0),""),IFERROR(VLOOKUP($B14,Morning_Shift!$B$4:$BJ$61,MATCH(Both_Shift_Roster!AV$2,Morning_Shift!$B$2:$BJ$2,0),0),"")) -> 7:00-14:30 | AW14: =IF(IFERROR(VLOOKUP($B14,Morning_Shift!$B$4:$BJ$61,MATCH(Both_Shift_Roster!AW$2,Morning_Shift!$B$2:$BJ$2,0),0),"")="",IFERROR(VLOOKUP($B14,Evening_Shift!$B$4:$BJ$62,MATCH(Both_Shift_Roster!AW$2,Evening_Shift!$B$2:$BJ$2,0),0),""),IFERROR(VLOOKUP($B14,Morning_Shift!$B$4:$BJ$61,MATCH(Both_Shift_Roster!AW$2,Morning_Shift!$B$2:$BJ$2,0),0),"")) -> 7:00-14:30 | AX14: =COUNTIF($AQ14:$AW14,"Agent Choice WO") -> 1 | AY14: =COUNTIF($AQ14:$AW14,"TL Choice WO") -> 0 | AZ14: =COUNTIF($AQ14:$AW14,"CL") -> 1 | BA14: =COUNTIF($AQ14:$AW14,"HD") -> 0 | BB14: =COUNTIF($AQ14:$AW14,"LP") -> 0 | BC14: =IF(IFERROR(VLOOKUP($B14,Morning_Shift!$B$4:$BJ$61,MATCH(Both_Shift_Roster!BC$2,Morning_Shift!$B$2:$BJ$2,0),0),"")="",IFERROR(VLOOKUP($B14,Evening_Shift!$B$4:$BJ$62,MATCH(Both_Shift_Roster!BC$2,Evening_Shift!$B$2:$BJ$2,0),0),""),IFERROR(VLOOKUP($B14,Morning_Shift!$B$4:$BJ$61,MATCH(Both_Shift_Roster!BC$2,Morning_Shift!$B$2:$BJ$2,0),0),"")) -> 7:00-14:30 | BD14: =IF(IFERROR(VLOOKUP($B14,Morning_Shift!$B$4:$BJ$61,MATCH(Both_Shift_Roster!BD$2,Morning_Shift!$B$2:$BJ$2,0),0),"")="",IFERROR(VLOOKUP($B14,Evening_Shift!$B$4:$BJ$62,MATCH(Both_Shift_Roster!BD$2,Evening_Shift!$B$2:$BJ$2,0),0),""),IFERROR(VLOOKUP($B14,Morning_Shift!$B$4:$BJ$61,MATCH(Both_Shift_Roster!BD$2,Morning_Shift!$B$2:$BJ$2,0),0),"")) -> 7:00-14:30 | BE14: =IF(IFERROR(VLOOKUP($B14,Morning_Shift!$B$4:$BJ$61,MATCH(Both_Shift_Roster!BE$2,Morning_Shift!$B$2:$BJ$2,0),0),"")="",IFERROR(VLOOKUP($B14,Evening_Shift!$B$4:$BJ$59,MATCH(Both_Shift_Roster!BE$2,Evening_Shift!$B$2:$BJ$2,0),0),""),IFERROR(VLOOKUP($B14,Morning_Shift!$B$4:$BJ$61,MATCH(Both_Shift_Roster!BE$2,Morning_Shift!$B$2:$BJ$2,0),0),"")) -> 7:00-14:30 | BF14: =COUNTIF($BC14:$BE14,"Agent Choice WO") -> 0 | BG14: =COUNTIF($BC14:$BE14,"TL Choice WO") -> 0 | BH14: =COUNTIF($BC14:$BE14,"CL") -> 0 | BI14: =COUNTIF($BC14:$BE14,"HD") -> 0 | BJ14: =COUNTIF($BC14:$BE14,"LP") -> 0
A15: =A14+1 -> 12 | B15: =Morning_Shift!$B15 -> Dritm16 | C15: =IF(IFERROR(VLOOKUP(B15,Morning_Shift!B:C,2,0),"")="",IFERROR(VLOOKUP(B15,Evening_Shift!B:C,2,0),""),IFERROR(VLOOKUP(B15,Morning_Shift!B:C,2,0),"")) -> Deepti Mattu | D15: =IF(IFERROR(VLOOKUP(B15,Morning_Shift!B:D,3,0),"")="",IFERROR(VLOOKUP(B15,Evening_Shift!B:D,3,0),""),IFERROR(VLOOKUP(B15,Morning_Shift!B:D,3,0),"")) -> Naina | E15: =IF(IFERROR(VLOOKUP(B15,Morning_Shift!B:E,4,0),"")="",IFERROR(VLOOKUP(B15,Evening_Shift!B:E,4,0),""),IFERROR(VLOOKUP(B15,Morning_Shift!B:E,4,0),"")) -> F | F15: =IF(IFERROR(VLOOKUP(B15,Morning_Shift!B:F,5,0),"")="",IFERROR(VLOOKUP(B15,Evening_Shift!B:F,5,0),""),IFERROR(VLOOKUP(B15,Morning_Shift!B:F,5,0),"")) -> Himseva manual preview | G15: =IF(IFERROR(VLOOKUP($B15,Morning_Shift!$B$4:$BJ$61,MATCH(Both_Shift_Roster!G$2,Morning_Shift!$B$2:$BJ$2,0),0),"")="",IFERROR(VLOOKUP($B15,Evening_Shift!$B$4:$BJ$62,MATCH(Both_Shift_Roster!G$2,Evening_Shift!$B$2:$BJ$2,0),0),""),IFERROR(VLOOKUP($B15,Morning_Shift!$B$4:$BJ$61,MATCH(Both_Shift_Roster!G$2,Morning_Shift!$B$2:$BJ$2,0),0),"")) -> 7:00-14:30 | H15: =IF(IFERROR(VLOOKUP($B15,Morning_Shift!$B$4:$BJ$61,MATCH(Both_Shift_Roster!H$2,Morning_Shift!$B$2:$BJ$2,0),0),"")="",IFERROR(VLOOKUP($B15,Evening_Shift!$B$4:$BJ$62,MATCH(Both_Shift_Roster!H$2,Evening_Shift!$B$2:$BJ$2,0),0),""),IFERROR(VLOOKUP($B15,Morning_Shift!$B$4:$BJ$61,MATCH(Both_Shift_Roster!H$2,Morning_Shift!$B$2:$BJ$2,0),0),"")) -> 7:00-14:30 | I15: =IF(IFERROR(VLOOKUP($B15,Morning_Shift!$B$4:$BJ$61,MATCH(Both_Shift_Roster!I$2,Morning_Shift!$B$2:$BJ$2,0),0),"")="",IFERROR(VLOOKUP($B15,Evening_Shift!$B$4:$BJ$62,MATCH(Both_Shift_Roster!I$2,Evening_Shift!$B$2:$BJ$2,0),0),""),IFERROR(VLOOKUP($B15,Morning_Shift!$B$4:$BJ$61,MATCH(Both_Shift_Roster!I$2,Morning_Shift!$B$2:$BJ$2,0),0),"")) -> 7:00-14:30 | J15: =IF(IFERROR(VLOOKUP($B15,Morning_Shift!$B$4:$BJ$61,MATCH(Both_Shift_Roster!J$2,Morning_Shift!$B$2:$BJ$2,0),0),"")="",IFERROR(VLOOKUP($B15,Evening_Shift!$B$4:$BJ$62,MATCH(Both_Shift_Roster!J$2,Evening_Shift!$B$2:$BJ$2,0),0),""),IFERROR(VLOOKUP($B15,Morning_Shift!$B$4:$BJ$61,MATCH(Both_Shift_Roster!J$2,Morning_Shift!$B$2:$BJ$2,0),0),"")) -> 7:00-14:30 | K15: =IF(IFERROR(VLOOKUP($B15,Morning_Shift!$B$4:$BJ$61,MATCH(Both_Shift_Roster!K$2,Morning_Shift!$B$2:$BJ$2,0),0),"")="",IFERROR(VLOOKUP($B15,Evening_Shift!$B$4:$BJ$62,MATCH(Both_Shift_Roster!K$2,Evening_Shift!$B$2:$BJ$2,0),0),""),IFERROR(VLOOKUP($B15,Morning_Shift!$B$4:$BJ$61,MATCH(Both_Shift_Roster!K$2,Morning_Shift!$B$2:$BJ$2,0),0),"")) -> 7:00-14:30 | L15: =IF(IFERROR(VLOOKUP($B15,Morning_Shift!$B$4:$BJ$61,MATCH(Both_Shift_Roster!L$2,Morning_Shift!$B$2:$BJ$2,0),0),"")="",IFERROR(VLOOKUP($B15,Evening_Shift!$B$4:$BJ$62,MATCH(Both_Shift_Roster!L$2,Evening_Shift!$B$2:$BJ$2,0),0),""),IFERROR(VLOOKUP($B15,Morning_Shift!$B$4:$BJ$61,MATCH(Both_Shift_Roster!L$2,Morning_Shift!$B$2:$BJ$2,0),0),"")) -> 7:00-14:30 | M15: =IF(IFERROR(VLOOKUP($B15,Morning_Shift!$B$4:$BJ$61,MATCH(Both_Shift_Roster!M$2,Morning_Shift!$B$2:$BJ$2,0),0),"")="",IFERROR(VLOOKUP($B15,Evening_Shift!$B$4:$BJ$62,MATCH(Both_Shift_Roster!M$2,Evening_Shift!$B$2:$BJ$2,0),0),""),IFERROR(VLOOKUP($B15,Morning_Shift!$B$4:$BJ$61,MATCH(Both_Shift_Roster!M$2,Morning_Shift!$B$2:$BJ$2,0),0),"")) -> 7:00-14:30 | N15: =COUNTIF($G15:$M15,"Agent Choice WO") -> 0 | O15: =COUNTIF($G15:$M15,"TL Choice WO") -> 0 | P15: =COUNTIF($G15:$M15,"CL") -> 0 | Q15: =COUNTIF($G15:$M15,"HD") -> 0 | R15: =COUNTIF($G15:$M15,"LP") -> 0 | S15: =IF(IFERROR(VLOOKUP($B15,Morning_Shift!$B$4:$BJ$61,MATCH(Both_Shift_Roster!S$2,Morning_Shift!$B$2:$BJ$2,0),0),"")="",IFERROR(VLOOKUP($B15,Evening_Shift!$B$4:$BJ$62,MATCH(Both_Shift_Roster!S$2,Evening_Shift!$B$2:$BJ$2,0),0),""),IFERROR(VLOOKUP($B15,Morning_Shift!$B$4:$BJ$61,MATCH(Both_Shift_Roster!S$2,Morning_Shift!$B$2:$BJ$2,0),0),"")) -> 7:00-14:30 | T15: =IF(IFERROR(VLOOKUP($B15,Morning_Shift!$B$4:$BJ$61,MATCH(Both_Shift_Roster!T$2,Morning_Shift!$B$2:$BJ$2,0),0),"")="",IFERROR(VLOOKUP($B15,Evening_Shift!$B$4:$BJ$62,MATCH(Both_Shift_Roster!T$2,Evening_Shift!$B$2:$BJ$2,0),0),""),IFERROR(VLOOKUP($B15,Morning_Shift!$B$4:$BJ$61,MATCH(Both_Shift_Roster!T$2,Morning_Shift!$B$2:$BJ$2,0),0),"")) -> 7:00-14:30 | U15: =IF(IFERROR(VLOOKUP($B15,Morning_Shift!$B$4:$BJ$61,MATCH(Both_Shift_Roster!U$2,Morning_Shift!$B$2:$BJ$2,0),0),"")="",IFERROR(VLOOKUP($B15,Evening_Shift!$B$4:$BJ$62,MATCH(Both_Shift_Roster!U$2,Evening_Shift!$B$2:$BJ$2,0),0),""),IFERROR(VLOOKUP($B15,Morning_Shift!$B$4:$BJ$61,MATCH(Both_Shift_Roster!U$2,Morning_Shift!$B$2:$BJ$2,0),0),"")) -> Agent Choice WO | V15: =IF(IFERROR(VLOOKUP($B15,Morning_Shift!$B$4:$BJ$61,MATCH(Both_Shift_Roster!V$2,Morning_Shift!$B$2:$BJ$2,0),0),"")="",IFERROR(VLOOKUP($B15,Evening_Shift!$B$4:$BJ$62,MATCH(Both_Shift_Roster!V$2,Evening_Shift!$B$2:$BJ$2,0),0),""),IFERROR(VLOOKUP($B15,Morning_Shift!$B$4:$BJ$61,MATCH(Both_Shift_Roster!V$2,Morning_Shift!$B$2:$BJ$2,0),0),"")) -> 7:00-14:30 | W15: =IF(IFERROR(VLOOKUP($B15,Morning_Shift!$B$4:$BJ$61,MATCH(Both_Shift_Roster!W$2,Morning_Shift!$B$2:$BJ$2,0),0),"")="",IFERROR(VLOOKUP($B15,Evening_Shift!$B$4:$BJ$62,MATCH(Both_Shift_Roster!W$2,Evening_Shift!$B$2:$BJ$2,0),0),""),IFERROR(VLOOKUP($B15,Morning_Shift!$B$4:$BJ$61,MATCH(Both_Shift_Roster!W$2,Morning_Shift!$B$2:$BJ$2,0),0),"")) -> 7:00-14:30 | X15: =IF(IFERROR(VLOOKUP($B15,Morning_Shift!$B$4:$BJ$61,MATCH(Both_Shift_Roster!X$2,Morning_Shift!$B$2:$BJ$2,0),0),"")="",IFERROR(VLOOKUP($B15,Evening_Shift!$B$4:$BJ$62,MATCH(Both_Shift_Roster!X$2,Evening_Shift!$B$2:$BJ$2,0),0),""),IFERROR(VLOOKUP($B15,Morning_Shift!$B$4:$BJ$61,MATCH(Both_Shift_Roster!X$2,Morning_Shift!$B$2:$BJ$2,0),0),"")) -> 7:00-14:30 | Y15: =IF(IFERROR(VLOOKUP($B15,Morning_Shift!$B$4:$BJ$61,MATCH(Both_Shift_Roster!Y$2,Morning_Shift!$B$2:$BJ$2,0),0),"")="",IFERROR(VLOOKUP($B15,Evening_Shift!$B$4:$BJ$62,MATCH(Both_Shift_Roster!Y$2,Evening_Shift!$B$2:$BJ$2,0),0),""),IFERROR(VLOOKUP($B15,Morning_Shift!$B$4:$BJ$61,MATCH(Both_Shift_Roster!Y$2,Morning_Shift!$B$2:$BJ$2,0),0),"")) -> 7:00-14:30 | Z15: =COUNTIF($S15:$Y15,"Agent Choice WO") -> 1 | AA15: =COUNTIF($S15:$Y15,"TL Choice WO") -> 0 | AB15: =COUNTIF($S15:$Y15,"CL") -> 0 | AC15: =COUNTIF($S15:$Y15,"HD") -> 0 | AD15: =COUNTIF($S15:$Y15,"LP") -> 0 | AE15: =IF(IFERROR(VLOOKUP($B15,Morning_Shift!$B$4:$BJ$61,MATCH(Both_Shift_Roster!AE$2,Morning_Shift!$B$2:$BJ$2,0),0),"")="",IFERROR(VLOOKUP($B15,Evening_Shift!$B$4:$BJ$62,MATCH(Both_Shift_Roster!AE$2,Evening_Shift!$B$2:$BJ$2,0),0),""),IFERROR(VLOOKUP($B15,Morning_Shift!$B$4:$BJ$61,MATCH(Both_Shift_Roster!AE$2,Morning_Shift!$B$2:$BJ$2,0),0),"")) -> 7:00-14:30 | AF15: =IF(IFERROR(VLOOKUP($B15,Morning_Shift!$B$4:$BJ$61,MATCH(Both_Shift_Roster!AF$2,Morning_Shift!$B$2:$BJ$2,0),0),"")="",IFERROR(VLOOKUP($B15,Evening_Shift!$B$4:$BJ$62,MATCH(Both_Shift_Roster!AF$2,Evening_Shift!$B$2:$BJ$2,0),0),""),IFERROR(VLOOKUP($B15,Morning_Shift!$B$4:$BJ$61,MATCH(Both_Shift_Roster!AF$2,Morning_Shift!$B$2:$BJ$2,0),0),"")) -> 7:00-14:30 | AG15: =IF(IFERROR(VLOOKUP($B15,Morning_Shift!$B$4:$BJ$61,MATCH(Both_Shift_Roster!AG$2,Morning_Shift!$B$2:$BJ$2,0),0),"")="",IFERROR(VLOOKUP($B15,Evening_Shift!$B$4:$BJ$62,MATCH(Both_Shift_Roster!AG$2,Evening_Shift!$B$2:$BJ$2,0),0),""),IFERROR(VLOOKUP($B15,Morning_Shift!$B$4:$BJ$61,MATCH(Both_Shift_Roster!AG$2,Morning_Shift!$B$2:$BJ$2,0),0),"")) -> Agent Choice WO | AH15: =IF(IFERROR(VLOOKUP($B15,Morning_Shift!$B$4:$BJ$61,MATCH(Both_Shift_Roster!AH$2,Morning_Shift!$B$2:$BJ$2,0),0),"")="",IFERROR(VLOOKUP($B15,Evening_Shift!$B$4:$BJ$62,MATCH(Both_Shift_Roster!AH$2,Evening_Shift!$B$2:$BJ$2,0),0),""),IFERROR(VLOOKUP($B15,Morning_Shift!$B$4:$BJ$61,MATCH(Both_Shift_Roster!AH$2,Morning_Shift!$B$2:$BJ$2,0),0),"")) -> 7:00-14:30 | AI15: =IF(IFERROR(VLOOKUP($B15,Morning_Shift!$B$4:$BJ$61,MATCH(Both_Shift_Roster!AI$2,Morning_Shift!$B$2:$BJ$2,0),0),"")="",IFERROR(VLOOKUP($B15,Evening_Shift!$B$4:$BJ$62,MATCH(Both_Shift_Roster!AI$2,Evening_Shift!$B$2:$BJ$2,0),0),""),IFERROR(VLOOKUP($B15,Morning_Shift!$B$4:$BJ$61,MATCH(Both_Shift_Roster!AI$2,Morning_Shift!$B$2:$BJ$2,0),0),"")) -> 7:00-14:30 | AJ15: =IF(IFERROR(VLOOKUP($B15,Morning_Shift!$B$4:$BJ$61,MATCH(Both_Shift_Roster!AJ$2,Morning_Shift!$B$2:$BJ$2,0),0),"")="",IFERROR(VLOOKUP($B15,Evening_Shift!$B$4:$BJ$62,MATCH(Both_Shift_Roster!AJ$2,Evening_Shift!$B$2:$BJ$2,0),0),""),IFERROR(VLOOKUP($B15,Morning_Shift!$B$4:$BJ$61,MATCH(Both_Shift_Roster!AJ$2,Morning_Shift!$B$2:$BJ$2,0),0),"")) -> 7:00-14:30 | AK15: =IF(IFERROR(VLOOKUP($B15,Morning_Shift!$B$4:$BJ$61,MATCH(Both_Shift_Roster!AK$2,Morning_Shift!$B$2:$BJ$2,0),0),"")="",IFERROR(VLOOKUP($B15,Evening_Shift!$B$4:$BJ$62,MATCH(Both_Shift_Roster!AK$2,Evening_Shift!$B$2:$BJ$2,0),0),""),IFERROR(VLOOKUP($B15,Morning_Shift!$B$4:$BJ$61,MATCH(Both_Shift_Roster!AK$2,Morning_Shift!$B$2:$BJ$2,0),0),"")) -> 7:00-14:30 | AL15: =COUNTIF($AE15:$AK15,"Agent Choice WO") -> 1 | AM15: =COUNTIF($AE15:$AK15,"TL Choice WO") -> 0 | AN15: =COUNTIF($AE15:$AK15,"CL") -> 0 | AO15: =COUNTIF($AE15:$AK15,"HD") -> 0 | AP15: =COUNTIF($AE15:$AK15,"LP") -> 0 | AQ15: =IF(IFERROR(VLOOKUP($B15,Morning_Shift!$B$4:$BJ$61,MATCH(Both_Shift_Roster!AQ$2,Morning_Shift!$B$2:$BJ$2,0),0),"")="",IFERROR(VLOOKUP($B15,Evening_Shift!$B$4:$BJ$62,MATCH(Both_Shift_Roster!AQ$2,Evening_Shift!$B$2:$BJ$2,0),0),""),IFERROR(VLOOKUP($B15,Morning_Shift!$B$4:$BJ$61,MATCH(Both_Shift_Roster!AQ$2,Morning_Shift!$B$2:$BJ$2,0),0),"")) -> 7:00-14:30 | AR15: =IF(IFERROR(VLOOKUP($B15,Morning_Shift!$B$4:$BJ$61,MATCH(Both_Shift_Roster!AR$2,Morning_Shift!$B$2:$BJ$2,0),0),"")="",IFERROR(VLOOKUP($B15,Evening_Shift!$B$4:$BJ$62,MATCH(Both_Shift_Roster!AR$2,Evening_Shift!$B$2:$BJ$2,0),0),""),IFERROR(VLOOKUP($B15,Morning_Shift!$B$4:$BJ$61,MATCH(Both_Shift_Roster!AR$2,Morning_Shift!$B$2:$BJ$2,0),0),"")) -> 7:00-14:30 | AS15: =IF(IFERROR(VLOOKUP($B15,Morning_Shift!$B$4:$BJ$61,MATCH(Both_Shift_Roster!AS$2,Morning_Shift!$B$2:$BJ$2,0),0),"")="",IFERROR(VLOOKUP($B15,Evening_Shift!$B$4:$BJ$62,MATCH(Both_Shift_Roster!AS$2,Evening_Shift!$B$2:$BJ$2,0),0),""),IFERROR(VLOOKUP($B15,Morning_Shift!$B$4:$BJ$61,MATCH(Both_Shift_Roster!AS$2,Morning_Shift!$B$2:$BJ$2,0),0),"")) -> 7:00-14:30 | AT15: =IF(IFERROR(VLOOKUP($B15,Morning_Shift!$B$4:$BJ$61,MATCH(Both_Shift_Roster!AT$2,Morning_Shift!$B$2:$BJ$2,0),0),"")="",IFERROR(VLOOKUP($B15,Evening_Shift!$B$4:$BJ$62,MATCH(Both_Shift_Roster!AT$2,Evening_Shift!$B$2:$BJ$2,0),0),""),IFERROR(VLOOKUP($B15,Morning_Shift!$B$4:$BJ$61,MATCH(Both_Shift_Roster!AT$2,Morning_Shift!$B$2:$BJ$2,0),0),"")) -> Agent Choice WO | AU15: =IF(IFERROR(VLOOKUP($B15,Morning_Shift!$B$4:$BJ$61,MATCH(Both_Shift_Roster!AU$2,Morning_Shift!$B$2:$BJ$2,0),0),"")="",IFERROR(VLOOKUP($B15,Evening_Shift!$B$4:$BJ$62,MATCH(Both_Shift_Roster!AU$2,Evening_Shift!$B$2:$BJ$2,0),0),""),IFERROR(VLOOKUP($B15,Morning_Shift!$B$4:$BJ$61,MATCH(Both_Shift_Roster!AU$2,Morning_Shift!$B$2:$BJ$2,0),0),"")) -> 7:00-14:30 | AV15: =IF(IFERROR(VLOOKUP($B15,Morning_Shift!$B$4:$BJ$61,MATCH(Both_Shift_Roster!AV$2,Morning_Shift!$B$2:$BJ$2,0),0),"")="",IFERROR(VLOOKUP($B15,Evening_Shift!$B$4:$BJ$62,MATCH(Both_Shift_Roster!AV$2,Evening_Shift!$B$2:$BJ$2,0),0),""),IFERROR(VLOOKUP($B15,Morning_Shift!$B$4:$BJ$61,MATCH(Both_Shift_Roster!AV$2,Morning_Shift!$B$2:$BJ$2,0),0),"")) -> Agent Choice WO | AW15: =IF(IFERROR(VLOOKUP($B15,Morning_Shift!$B$4:$BJ$61,MATCH(Both_Shift_Roster!AW$2,Morning_Shift!$B$2:$BJ$2,0),0),"")="",IFERROR(VLOOKUP($B15,Evening_Shift!$B$4:$BJ$62,MATCH(Both_Shift_Roster!AW$2,Evening_Shift!$B$2:$BJ$2,0),0),""),IFERROR(VLOOKUP($B15,Morning_Shift!$B$4:$BJ$61,MATCH(Both_Shift_Roster!AW$2,Morning_Shift!$B$2:$BJ$2,0),0),"")) -> 7:00-14:30 | AX15: =COUNTIF($AQ15:$AW15,"Agent Choice WO") -> 2 | AY15: =COUNTIF($AQ15:$AW15,"TL Choice WO") -> 0 | AZ15: =COUNTIF($AQ15:$AW15,"CL") -> 0 | BA15: =COUNTIF($AQ15:$AW15,"HD") -> 0 | BB15: =COUNTIF($AQ15:$AW15,"LP") -> 0 | BC15: =IF(IFERROR(VLOOKUP($B15,Morning_Shift!$B$4:$BJ$61,MATCH(Both_Shift_Roster!BC$2,Morning_Shift!$B$2:$BJ$2,0),0),"")="",IFERROR(VLOOKUP($B15,Evening_Shift!$B$4:$BJ$62,MATCH(Both_Shift_Roster!BC$2,Evening_Shift!$B$2:$BJ$2,0),0),""),IFERROR(VLOOKUP($B15,Morning_Shift!$B$4:$BJ$61,MATCH(Both_Shift_Roster!BC$2,Morning_Shift!$B$2:$BJ$2,0),0),"")) -> 7:00-14:30 | BD15: =IF(IFERROR(VLOOKUP($B15,Morning_Shift!$B$4:$BJ$61,MATCH(Both_Shift_Roster!BD$2,Morning_Shift!$B$2:$BJ$2,0),0),"")="",IFERROR(VLOOKUP($B15,Evening_Shift!$B$4:$BJ$62,MATCH(Both_Shift_Roster!BD$2,Evening_Shift!$B$2:$BJ$2,0),0),""),IFERROR(VLOOKUP($B15,Morning_Shift!$B$4:$BJ$61,MATCH(Both_Shift_Roster!BD$2,Morning_Shift!$B$2:$BJ$2,0),0),"")) -> CL | BE15: =IF(IFERROR(VLOOKUP($B15,Morning_Shift!$B$4:$BJ$61,MATCH(Both_Shift_Roster!BE$2,Morning_Shift!$B$2:$BJ$2,0),0),"")="",IFERROR(VLOOKUP($B15,Evening_Shift!$B$4:$BJ$59,MATCH(Both_Shift_Roster!BE$2,Evening_Shift!$B$2:$BJ$2,0),0),""),IFERROR(VLOOKUP($B15,Morning_Shift!$B$4:$BJ$61,MATCH(Both_Shift_Roster!BE$2,Morning_Shift!$B$2:$BJ$2,0),0),"")) -> 7:00-14:30 | BF15: =COUNTIF($BC15:$BE15,"Agent Choice WO") -> 0 | BG15: =COUNTIF($BC15:$BE15,"TL Choice WO") -> 0 | BH15: =COUNTIF($BC15:$BE15,"CL") -> 1 | BI15: =COUNTIF($BC15:$BE15,"HD") -> 0 | BJ15: =COUNTIF($BC15:$BE15,"LP") -> 0
A16: =A15+1 -> 13 | B16: =Morning_Shift!$B16 -> Dritm86 | C16: =IF(IFERROR(VLOOKUP(B16,Morning_Shift!B:C,2,0),"")="",IFERROR(VLOOKUP(B16,Evening_Shift!B:C,2,0),""),IFERROR(VLOOKUP(B16,Morning_Shift!B:C,2,0),"")) -> Dimple Sharma | D16: =IF(IFERROR(VLOOKUP(B16,Morning_Shift!B:D,3,0),"")="",IFERROR(VLOOKUP(B16,Evening_Shift!B:D,3,0),""),IFERROR(VLOOKUP(B16,Morning_Shift!B:D,3,0),"")) -> Naina | E16: =IF(IFERROR(VLOOKUP(B16,Morning_Shift!B:E,4,0),"")="",IFERROR(VLOOKUP(B16,Evening_Shift!B:E,4,0),""),IFERROR(VLOOKUP(B16,Morning_Shift!B:E,4,0),"")) -> F | F16: =IF(IFERROR(VLOOKUP(B16,Morning_Shift!B:F,5,0),"")="",IFERROR(VLOOKUP(B16,Evening_Shift!B:F,5,0),""),IFERROR(VLOOKUP(B16,Morning_Shift!B:F,5,0),"")) -> HRTC | G16: =IF(IFERROR(VLOOKUP($B16,Morning_Shift!$B$4:$BJ$61,MATCH(Both_Shift_Roster!G$2,Morning_Shift!$B$2:$BJ$2,0),0),"")="",IFERROR(VLOOKUP($B16,Evening_Shift!$B$4:$BJ$62,MATCH(Both_Shift_Roster!G$2,Evening_Shift!$B$2:$BJ$2,0),0),""),IFERROR(VLOOKUP($B16,Morning_Shift!$B$4:$BJ$61,MATCH(Both_Shift_Roster!G$2,Morning_Shift!$B$2:$BJ$2,0),0),"")) -> 7:00-14:30 | H16: =IF(IFERROR(VLOOKUP($B16,Morning_Shift!$B$4:$BJ$61,MATCH(Both_Shift_Roster!H$2,Morning_Shift!$B$2:$BJ$2,0),0),"")="",IFERROR(VLOOKUP($B16,Evening_Shift!$B$4:$BJ$62,MATCH(Both_Shift_Roster!H$2,Evening_Shift!$B$2:$BJ$2,0),0),""),IFERROR(VLOOKUP($B16,Morning_Shift!$B$4:$BJ$61,MATCH(Both_Shift_Roster!H$2,Morning_Shift!$B$2:$BJ$2,0),0),"")) -> 7:00-14:30 | I16: =IF(IFERROR(VLOOKUP($B16,Morning_Shift!$B$4:$BJ$61,MATCH(Both_Shift_Roster!I$2,Morning_Shift!$B$2:$BJ$2,0),0),"")="",IFERROR(VLOOKUP($B16,Evening_Shift!$B$4:$BJ$62,MATCH(Both_Shift_Roster!I$2,Evening_Shift!$B$2:$BJ$2,0),0),""),IFERROR(VLOOKUP($B16,Morning_Shift!$B$4:$BJ$61,MATCH(Both_Shift_Roster!I$2,Morning_Shift!$B$2:$BJ$2,0),0),"")) -> 7:00-14:30 | J16: =IF(IFERROR(VLOOKUP($B16,Morning_Shift!$B$4:$BJ$61,MATCH(Both_Shift_Roster!J$2,Morning_Shift!$B$2:$BJ$2,0),0),"")="",IFERROR(VLOOKUP($B16,Evening_Shift!$B$4:$BJ$62,MATCH(Both_Shift_Roster!J$2,Evening_Shift!$B$2:$BJ$2,0),0),""),IFERROR(VLOOKUP($B16,Morning_Shift!$B$4:$BJ$61,MATCH(Both_Shift_Roster!J$2,Morning_Shift!$B$2:$BJ$2,0),0),"")) -> 7:00-14:30 | K16: =IF(IFERROR(VLOOKUP($B16,Morning_Shift!$B$4:$BJ$61,MATCH(Both_Shift_Roster!K$2,Morning_Shift!$B$2:$BJ$2,0),0),"")="",IFERROR(VLOOKUP($B16,Evening_Shift!$B$4:$BJ$62,MATCH(Both_Shift_Roster!K$2,Evening_Shift!$B$2:$BJ$2,0),0),""),IFERROR(VLOOKUP($B16,Morning_Shift!$B$4:$BJ$61,MATCH(Both_Shift_Roster!K$2,Morning_Shift!$B$2:$BJ$2,0),0),"")) -> 7:00-14:30 | L16: =IF(IFERROR(VLOOKUP($B16,Morning_Shift!$B$4:$BJ$61,MATCH(Both_Shift_Roster!L$2,Morning_Shift!$B$2:$BJ$2,0),0),"")="",IFERROR(VLOOKUP($B16,Evening_Shift!$B$4:$BJ$62,MATCH(Both_Shift_Roster!L$2,Evening_Shift!$B$2:$BJ$2,0),0),""),IFERROR(VLOOKUP($B16,Morning_Shift!$B$4:$BJ$61,MATCH(Both_Shift_Roster!L$2,Morning_Shift!$B$2:$BJ$2,0),0),"")) -> 7:00-14:30 | M16: =IF(IFERROR(VLOOKUP($B16,Morning_Shift!$B$4:$BJ$61,MATCH(Both_Shift_Roster!M$2,Morning_Shift!$B$2:$BJ$2,0),0),"")="",IFERROR(VLOOKUP($B16,Evening_Shift!$B$4:$BJ$62,MATCH(Both_Shift_Roster!M$2,Evening_Shift!$B$2:$BJ$2,0),0),""),IFERROR(VLOOKUP($B16,Morning_Shift!$B$4:$BJ$61,MATCH(Both_Shift_Roster!M$2,Morning_Shift!$B$2:$BJ$2,0),0),"")) -> 7:00-14:30 | N16: =COUNTIF($G16:$M16,"Agent Choice WO") -> 0 | O16: =COUNTIF($G16:$M16,"TL Choice WO") -> 0 | P16: =COUNTIF($G16:$M16,"CL") -> 0 | Q16: =COUNTIF($G16:$M16,"HD") -> 0 | R16: =COUNTIF($G16:$M16,"LP") -> 0 | S16: =IF(IFERROR(VLOOKUP($B16,Morning_Shift!$B$4:$BJ$61,MATCH(Both_Shift_Roster!S$2,Morning_Shift!$B$2:$BJ$2,0),0),"")="",IFERROR(VLOOKUP($B16,Evening_Shift!$B$4:$BJ$62,MATCH(Both_Shift_Roster!S$2,Evening_Shift!$B$2:$BJ$2,0),0),""),IFERROR(VLOOKUP($B16,Morning_Shift!$B$4:$BJ$61,MATCH(Both_Shift_Roster!S$2,Morning_Shift!$B$2:$BJ$2,0),0),"")) -> 7:00-14:30 | T16: =IF(IFERROR(VLOOKUP($B16,Morning_Shift!$B$4:$BJ$61,MATCH(Both_Shift_Roster!T$2,Morning_Shift!$B$2:$BJ$2,0),0),"")="",IFERROR(VLOOKUP($B16,Evening_Shift!$B$4:$BJ$62,MATCH(Both_Shift_Roster!T$2,Evening_Shift!$B$2:$BJ$2,0),0),""),IFERROR(VLOOKUP($B16,Morning_Shift!$B$4:$BJ$61,MATCH(Both_Shift_Roster!T$2,Morning_Shift!$B$2:$BJ$2,0),0),"")) -> 7:00-14:30 | U16: =IF(IFERROR(VLOOKUP($B16,Morning_Shift!$B$4:$BJ$61,MATCH(Both_Shift_Roster!U$2,Morning_Shift!$B$2:$BJ$2,0),0),"")="",IFERROR(VLOOKUP($B16,Evening_Shift!$B$4:$BJ$62,MATCH(Both_Shift_Roster!U$2,Evening_Shift!$B$2:$BJ$2,0),0),""),IFERROR(VLOOKUP($B16,Morning_Shift!$B$4:$BJ$61,MATCH(Both_Shift_Roster!U$2,Morning_Shift!$B$2:$BJ$2,0),0),"")) -> Agent Choice WO | V16: =IF(IFERROR(VLOOKUP($B16,Morning_Shift!$B$4:$BJ$61,MATCH(Both_Shift_Roster!V$2,Morning_Shift!$B$2:$BJ$2,0),0),"")="",IFERROR(VLOOKUP($B16,Evening_Shift!$B$4:$BJ$62,MATCH(Both_Shift_Roster!V$2,Evening_Shift!$B$2:$BJ$2,0),0),""),IFERROR(VLOOKUP($B16,Morning_Shift!$B$4:$BJ$61,MATCH(Both_Shift_Roster!V$2,Morning_Shift!$B$2:$BJ$2,0),0),"")) -> 7:00-14:30 | W16: =IF(IFERROR(VLOOKUP($B16,Morning_Shift!$B$4:$BJ$61,MATCH(Both_Shift_Roster!W$2,Morning_Shift!$B$2:$BJ$2,0),0),"")="",IFERROR(VLOOKUP($B16,Evening_Shift!$B$4:$BJ$62,MATCH(Both_Shift_Roster!W$2,Evening_Shift!$B$2:$BJ$2,0),0),""),IFERROR(VLOOKUP($B16,Morning_Shift!$B$4:$BJ$61,MATCH(Both_Shift_Roster!W$2,Morning_Shift!$B$2:$BJ$2,0),0),"")) -> 7:00-14:30 | X16: =IF(IFERROR(VLOOKUP($B16,Morning_Shift!$B$4:$BJ$61,MATCH(Both_Shift_Roster!X$2,Morning_Shift!$B$2:$BJ$2,0),0),"")="",IFERROR(VLOOKUP($B16,Evening_Shift!$B$4:$BJ$62,MATCH(Both_Shift_Roster!X$2,Evening_Shift!$B$2:$BJ$2,0),0),""),IFERROR(VLOOKUP($B16,Morning_Shift!$B$4:$BJ$61,MATCH(Both_Shift_Roster!X$2,Morning_Shift!$B$2:$BJ$2,0),0),"")) -> 7:00-14:30 | Y16: =IF(IFERROR(VLOOKUP($B16,Morning_Shift!$B$4:$BJ$61,MATCH(Both_Shift_Roster!Y$2,Morning_Shift!$B$2:$BJ$2,0),0),"")="",IFERROR(VLOOKUP($B16,Evening_Shift!$B$4:$BJ$62,MATCH(Both_Shift_Roster!Y$2,Evening_Shift!$B$2:$BJ$2,0),0),""),IFERROR(VLOOKUP($B16,Morning_Shift!$B$4:$BJ$61,MATCH(Both_Shift_Roster!Y$2,Morning_Shift!$B$2:$BJ$2,0),0),"")) -> 7:00-14:30 | Z16: =COUNTIF($S16:$Y16,"Agent Choice WO") -> 1 | AA16: =COUNTIF($S16:$Y16,"TL Choice WO") -> 0 | AB16: =COUNTIF($S16:$Y16,"CL") -> 0 | AC16: =COUNTIF($S16:$Y16,"HD") -> 0 | AD16: =COUNTIF($S16:$Y16,"LP") -> 0 | AE16: =IF(IFERROR(VLOOKUP($B16,Morning_Shift!$B$4:$BJ$61,MATCH(Both_Shift_Roster!AE$2,Morning_Shift!$B$2:$BJ$2,0),0),"")="",IFERROR(VLOOKUP($B16,Evening_Shift!$B$4:$BJ$62,MATCH(Both_Shift_Roster!AE$2,Evening_Shift!$B$2:$BJ$2,0),0),""),IFERROR(VLOOKUP($B16,Morning_Shift!$B$4:$BJ$61,MATCH(Both_Shift_Roster!AE$2,Morning_Shift!$B$2:$BJ$2,0),0),"")) -> 7:00-14:30 | AF16: =IF(IFERROR(VLOOKUP($B16,Morning_Shift!$B$4:$BJ$61,MATCH(Both_Shift_Roster!AF$2,Morning_Shift!$B$2:$BJ$2,0),0),"")="",IFERROR(VLOOKUP($B16,Evening_Shift!$B$4:$BJ$62,MATCH(Both_Shift_Roster!AF$2,Evening_Shift!$B$2:$BJ$2,0),0),""),IFERROR(VLOOKUP($B16,Morning_Shift!$B$4:$BJ$61,MATCH(Both_Shift_Roster!AF$2,Morning_Shift!$B$2:$BJ$2,0),0),"")) -> 7:00-14:30 | AG16: =IF(IFERROR(VLOOKUP($B16,Morning_Shift!$B$4:$BJ$61,MATCH(Both_Shift_Roster!AG$2,Morning_Shift!$B$2:$BJ$2,0),0),"")="",IFERROR(VLOOKUP($B16,Evening_Shift!$B$4:$BJ$62,MATCH(Both_Shift_Roster!AG$2,Evening_Shift!$B$2:$BJ$2,0),0),""),IFERROR(VLOOKUP($B16,Morning_Shift!$B$4:$BJ$61,MATCH(Both_Shift_Roster!AG$2,Morning_Shift!$B$2:$BJ$2,0),0),"")) -> 7:00-14:30 | AH16: =IF(IFERROR(VLOOKUP($B16,Morning_Shift!$B$4:$BJ$61,MATCH(Both_Shift_Roster!AH$2,Morning_Shift!$B$2:$BJ$2,0),0),"")="",IFERROR(VLOOKUP($B16,Evening_Shift!$B$4:$BJ$62,MATCH(Both_Shift_Roster!AH$2,Evening_Shift!$B$2:$BJ$2,0),0),""),IFERROR(VLOOKUP($B16,Morning_Shift!$B$4:$BJ$61,MATCH(Both_Shift_Roster!AH$2,Morning_Shift!$B$2:$BJ$2,0),0),"")) -> 7:00-14:30 | AI16: =IF(IFERROR(VLOOKUP($B16,Morning_Shift!$B$4:$BJ$61,MATCH(Both_Shift_Roster!AI$2,Morning_Shift!$B$2:$BJ$2,0),0),"")="",IFERROR(VLOOKUP($B16,Evening_Shift!$B$4:$BJ$62,MATCH(Both_Shift_Roster!AI$2,Evening_Shift!$B$2:$BJ$2,0),0),""),IFERROR(VLOOKUP($B16,Morning_Shift!$B$4:$BJ$61,MATCH(Both_Shift_Roster!AI$2,Morning_Shift!$B$2:$BJ$2,0),0),"")) -> 7:00-14:30 | AJ16: =IF(IFERROR(VLOOKUP($B16,Morning_Shift!$B$4:$BJ$61,MATCH(Both_Shift_Roster!AJ$2,Morning_Shift!$B$2:$BJ$2,0),0),"")="",IFERROR(VLOOKUP($B16,Evening_Shift!$B$4:$BJ$62,MATCH(Both_Shift_Roster!AJ$2,Evening_Shift!$B$2:$BJ$2,0),0),""),IFERROR(VLOOKUP($B16,Morning_Shift!$B$4:$BJ$61,MATCH(Both_Shift_Roster!AJ$2,Morning_Shift!$B$2:$BJ$2,0),0),"")) -> 7:00-14:30 | AK16: =IF(IFERROR(VLOOKUP($B16,Morning_Shift!$B$4:$BJ$61,MATCH(Both_Shift_Roster!AK$2,Morning_Shift!$B$2:$BJ$2,0),0),"")="",IFERROR(VLOOKUP($B16,Evening_Shift!$B$4:$BJ$62,MATCH(Both_Shift_Roster!AK$2,Evening_Shift!$B$2:$BJ$2,0),0),""),IFERROR(VLOOKUP($B16,Morning_Shift!$B$4:$BJ$61,MATCH(Both_Shift_Roster!AK$2,Morning_Shift!$B$2:$BJ$2,0),0),"")) -> Agent Choice WO | AL16: =COUNTIF($AE16:$AK16,"Agent Choice WO") -> 1 | AM16: =COUNTIF($AE16:$AK16,"TL Choice WO") -> 0 | AN16: =COUNTIF($AE16:$AK16,"CL") -> 0 | AO16: =COUNTIF($AE16:$AK16,"HD") -> 0 | AP16: =COUNTIF($AE16:$AK16,"LP") -> 0 | AQ16: =IF(IFERROR(VLOOKUP($B16,Morning_Shift!$B$4:$BJ$61,MATCH(Both_Shift_Roster!AQ$2,Morning_Shift!$B$2:$BJ$2,0),0),"")="",IFERROR(VLOOKUP($B16,Evening_Shift!$B$4:$BJ$62,MATCH(Both_Shift_Roster!AQ$2,Evening_Shift!$B$2:$BJ$2,0),0),""),IFERROR(VLOOKUP($B16,Morning_Shift!$B$4:$BJ$61,MATCH(Both_Shift_Roster!AQ$2,Morning_Shift!$B$2:$BJ$2,0),0),"")) -> Agent Choice WO | AR16: =IF(IFERROR(VLOOKUP($B16,Morning_Shift!$B$4:$BJ$61,MATCH(Both_Shift_Roster!AR$2,Morning_Shift!$B$2:$BJ$2,0),0),"")="",IFERROR(VLOOKUP($B16,Evening_Shift!$B$4:$BJ$62,MATCH(Both_Shift_Roster!AR$2,Evening_Shift!$B$2:$BJ$2,0),0),""),IFERROR(VLOOKUP($B16,Morning_Shift!$B$4:$BJ$61,MATCH(Both_Shift_Roster!AR$2,Morning_Shift!$B$2:$BJ$2,0),0),"")) -> Agent Choice WO | AS16: =IF(IFERROR(VLOOKUP($B16,Morning_Shift!$B$4:$BJ$61,MATCH(Both_Shift_Roster!AS$2,Morning_Shift!$B$2:$BJ$2,0),0),"")="",IFERROR(VLOOKUP($B16,Evening_Shift!$B$4:$BJ$62,MATCH(Both_Shift_Roster!AS$2,Evening_Shift!$B$2:$BJ$2,0),0),""),IFERROR(VLOOKUP($B16,Morning_Shift!$B$4:$BJ$61,MATCH(Both_Shift_Roster!AS$2,Morning_Shift!$B$2:$BJ$2,0),0),"")) -> 7:00-14:30 | AT16: =IF(IFERROR(VLOOKUP($B16,Morning_Shift!$B$4:$BJ$61,MATCH(Both_Shift_Roster!AT$2,Morning_Shift!$B$2:$BJ$2,0),0),"")="",IFERROR(VLOOKUP($B16,Evening_Shift!$B$4:$BJ$62,MATCH(Both_Shift_Roster!AT$2,Evening_Shift!$B$2:$BJ$2,0),0),""),IFERROR(VLOOKUP($B16,Morning_Shift!$B$4:$BJ$61,MATCH(Both_Shift_Roster!AT$2,Morning_Shift!$B$2:$BJ$2,0),0),"")) -> 7:00-14:30 | AU16: =IF(IFERROR(VLOOKUP($B16,Morning_Shift!$B$4:$BJ$61,MATCH(Both_Shift_Roster!AU$2,Morning_Shift!$B$2:$BJ$2,0),0),"")="",IFERROR(VLOOKUP($B16,Evening_Shift!$B$4:$BJ$62,MATCH(Both_Shift_Roster!AU$2,Evening_Shift!$B$2:$BJ$2,0),0),""),IFERROR(VLOOKUP($B16,Morning_Shift!$B$4:$BJ$61,MATCH(Both_Shift_Roster!AU$2,Morning_Shift!$B$2:$BJ$2,0),0),"")) -> 7:00-14:30 | AV16: =IF(IFERROR(VLOOKUP($B16,Morning_Shift!$B$4:$BJ$61,MATCH(Both_Shift_Roster!AV$2,Morning_Shift!$B$2:$BJ$2,0),0),"")="",IFERROR(VLOOKUP($B16,Evening_Shift!$B$4:$BJ$62,MATCH(Both_Shift_Roster!AV$2,Evening_Shift!$B$2:$BJ$2,0),0),""),IFERROR(VLOOKUP($B16,Morning_Shift!$B$4:$BJ$61,MATCH(Both_Shift_Roster!AV$2,Morning_Shift!$B$2:$BJ$2,0),0),"")) -> 7:00-14:30 | AW16: =IF(IFERROR(VLOOKUP($B16,Morning_Shift!$B$4:$BJ$61,MATCH(Both_Shift_Roster!AW$2,Morning_Shift!$B$2:$BJ$2,0),0),"")="",IFERROR(VLOOKUP($B16,Evening_Shift!$B$4:$BJ$62,MATCH(Both_Shift_Roster!AW$2,Evening_Shift!$B$2:$BJ$2,0),0),""),IFERROR(VLOOKUP($B16,Morning_Shift!$B$4:$BJ$61,MATCH(Both_Shift_Roster!AW$2,Morning_Shift!$B$2:$BJ$2,0),0),"")) -> 7:00-14:30 | AX16: =COUNTIF($AQ16:$AW16,"Agent Choice WO") -> 2 | AY16: =COUNTIF($AQ16:$AW16,"TL Choice WO") -> 0 | AZ16: =COUNTIF($AQ16:$AW16,"CL") -> 0 | BA16: =COUNTIF($AQ16:$AW16,"HD") -> 0 | BB16: =COUNTIF($AQ16:$AW16,"LP") -> 0 | BC16: =IF(IFERROR(VLOOKUP($B16,Morning_Shift!$B$4:$BJ$61,MATCH(Both_Shift_Roster!BC$2,Morning_Shift!$B$2:$BJ$2,0),0),"")="",IFERROR(VLOOKUP($B16,Evening_Shift!$B$4:$BJ$62,MATCH(Both_Shift_Roster!BC$2,Evening_Shift!$B$2:$BJ$2,0),0),""),IFERROR(VLOOKUP($B16,Morning_Shift!$B$4:$BJ$61,MATCH(Both_Shift_Roster!BC$2,Morning_Shift!$B$2:$BJ$2,0),0),"")) -> 7:00-14:30 | BD16: =IF(IFERROR(VLOOKUP($B16,Morning_Shift!$B$4:$BJ$61,MATCH(Both_Shift_Roster!BD$2,Morning_Shift!$B$2:$BJ$2,0),0),"")="",IFERROR(VLOOKUP($B16,Evening_Shift!$B$4:$BJ$62,MATCH(Both_Shift_Roster!BD$2,Evening_Shift!$B$2:$BJ$2,0),0),""),IFERROR(VLOOKUP($B16,Morning_Shift!$B$4:$BJ$61,MATCH(Both_Shift_Roster!BD$2,Morning_Shift!$B$2:$BJ$2,0),0),"")) -> 7:00-14:30 | BE16: =IF(IFERROR(VLOOKUP($B16,Morning_Shift!$B$4:$BJ$61,MATCH(Both_Shift_Roster!BE$2,Morning_Shift!$B$2:$BJ$2,0),0),"")="",IFERROR(VLOOKUP($B16,Evening_Shift!$B$4:$BJ$59,MATCH(Both_Shift_Roster!BE$2,Evening_Shift!$B$2:$BJ$2,0),0),""),IFERROR(VLOOKUP($B16,Morning_Shift!$B$4:$BJ$61,MATCH(Both_Shift_Roster!BE$2,Morning_Shift!$B$2:$BJ$2,0),0),"")) -> 7:00-14:30 | BF16: =COUNTIF($BC16:$BE16,"Agent Choice WO") -> 0 | BG16: =COUNTIF($BC16:$BE16,"TL Choice WO") -> 0 | BH16: =COUNTIF($BC16:$BE16,"CL") -> 0 | BI16: =COUNTIF($BC16:$BE16,"HD") -> 0 | BJ16: =COUNTIF($BC16:$BE16,"LP") -> 0
... A61: =A60+1 -> 58 | B61: =Morning_Shift!$B61 -> Dritm173 | C61: =IF(IFERROR(VLOOKUP(B61,Morning_Shift!B:C,2,0),"")="",IFERROR(VLOOKUP(B61,Evening_Shift!B:C,2,0),""),IFERROR(VLOOKUP(B61,Morning_Shift!B:C,2,0),"")) -> Shivani | D61: =IF(IFERROR(VLOOKUP(B61,Morning_Shift!B:D,3,0),"")="",IFERROR(VLOOKUP(B61,Evening_Shift!B:D,3,0),""),IFERROR(VLOOKUP(B61,Morning_Shift!B:D,3,0),"")) -> Naina | E61: =IF(IFERROR(VLOOKUP(B61,Morning_Shift!B:E,4,0),"")="",IFERROR(VLOOKUP(B61,Evening_Shift!B:E,4,0),""),IFERROR(VLOOKUP(B61,Morning_Shift!B:E,4,0),"")) -> F | F61: =IF(IFERROR(VLOOKUP(B61,Morning_Shift!B:F,5,0),"")="",IFERROR(VLOOKUP(B61,Evening_Shift!B:F,5,0),""),IFERROR(VLOOKUP(B61,Morning_Shift!B:F,5,0),"")) -> Inbound | G61: =IF(IFERROR(VLOOKUP($B61,Morning_Shift!$B$4:$BJ$61,MATCH(Both_Shift_Roster!G$2,Morning_Shift!$B$2:$BJ$2,0),0),"")="",IFERROR(VLOOKUP($B61,Evening_Shift!$B$4:$BJ$62,MATCH(Both_Shift_Roster!G$2,Evening_Shift!$B$2:$BJ$2,0),0),""),IFERROR(VLOOKUP($B61,Morning_Shift!$B$4:$BJ$61,MATCH(Both_Shift_Roster!G$2,Morning_Shift!$B$2:$BJ$2,0),0),"")) -> 7:00-14:30 | H61: =IF(IFERROR(VLOOKUP($B61,Morning_Shift!$B$4:$BJ$61,MATCH(Both_Shift_Roster!H$2,Morning_Shift!$B$2:$BJ$2,0),0),"")="",IFERROR(VLOOKUP($B61,Evening_Shift!$B$4:$BJ$62,MATCH(Both_Shift_Roster!H$2,Evening_Shift!$B$2:$BJ$2,0),0),""),IFERROR(VLOOKUP($B61,Morning_Shift!$B$4:$BJ$61,MATCH(Both_Shift_Roster!H$2,Morning_Shift!$B$2:$BJ$2,0),0),"")) -> 7:00-14:30 | I61: =IF(IFERROR(VLOOKUP($B61,Morning_Shift!$B$4:$BJ$61,MATCH(Both_Shift_Roster!I$2,Morning_Shift!$B$2:$BJ$2,0),0),"")="",IFERROR(VLOOKUP($B61,Evening_Shift!$B$4:$BJ$62,MATCH(Both_Shift_Roster!I$2,Evening_Shift!$B$2:$BJ$2,0),0),""),IFERROR(VLOOKUP($B61,Morning_Shift!$B$4:$BJ$61,MATCH(Both_Shift_Roster!I$2,Morning_Shift!$B$2:$BJ$2,0),0),"")) -> 7:00-14:30 | J61: =IF(IFERROR(VLOOKUP($B61,Morning_Shift!$B$4:$BJ$61,MATCH(Both_Shift_Roster!J$2,Morning_Shift!$B$2:$BJ$2,0),0),"")="",IFERROR(VLOOKUP($B61,Evening_Shift!$B$4:$BJ$62,MATCH(Both_Shift_Roster!J$2,Evening_Shift!$B$2:$BJ$2,0),0),""),IFERROR(VLOOKUP($B61,Morning_Shift!$B$4:$BJ$61,MATCH(Both_Shift_Roster!J$2,Morning_Shift!$B$2:$BJ$2,0),0),"")) -> 7:00-14:30 | K61: =IF(IFERROR(VLOOKUP($B61,Morning_Shift!$B$4:$BJ$61,MATCH(Both_Shift_Roster!K$2,Morning_Shift!$B$2:$BJ$2,0),0),"")="",IFERROR(VLOOKUP($B61,Evening_Shift!$B$4:$BJ$62,MATCH(Both_Shift_Roster!K$2,Evening_Shift!$B$2:$BJ$2,0),0),""),IFERROR(VLOOKUP($B61,Morning_Shift!$B$4:$BJ$61,MATCH(Both_Shift_Roster!K$2,Morning_Shift!$B$2:$BJ$2,0),0),"")) -> 7:00-14:30 | L61: =IF(IFERROR(VLOOKUP($B61,Morning_Shift!$B$4:$BJ$61,MATCH(Both_Shift_Roster!L$2,Morning_Shift!$B$2:$BJ$2,0),0),"")="",IFERROR(VLOOKUP($B61,Evening_Shift!$B$4:$BJ$62,MATCH(Both_Shift_Roster!L$2,Evening_Shift!$B$2:$BJ$2,0),0),""),IFERROR(VLOOKUP($B61,Morning_Shift!$B$4:$BJ$61,MATCH(Both_Shift_Roster!L$2,Morning_Shift!$B$2:$BJ$2,0),0),"")) -> 7:00-14:30 | M61: =IF(IFERROR(VLOOKUP($B61,Morning_Shift!$B$4:$BJ$61,MATCH(Both_Shift_Roster!M$2,Morning_Shift!$B$2:$BJ$2,0),0),"")="",IFERROR(VLOOKUP($B61,Evening_Shift!$B$4:$BJ$62,MATCH(Both_Shift_Roster!M$2,Evening_Shift!$B$2:$BJ$2,0),0),""),IFERROR(VLOOKUP($B61,Morning_Shift!$B$4:$BJ$61,MATCH(Both_Shift_Roster!M$2,Morning_Shift!$B$2:$BJ$2,0),0),"")) -> 7:00-14:30 | N61: =COUNTIF($G61:$M61,"Agent Choice WO") -> 0 | O61: =COUNTIF($G61:$M61,"TL Choice WO") -> 0 | P61: =COUNTIF($G61:$M61,"CL") -> 0 | Q61: =COUNTIF($G61:$M61,"HD") -> 0 | R61: =COUNTIF($G61:$M61,"LP") -> 0 | S61: =IF(IFERROR(VLOOKUP($B61,Morning_Shift!$B$4:$BJ$61,MATCH(Both_Shift_Roster!S$2,Morning_Shift!$B$2:$BJ$2,0),0),"")="",IFERROR(VLOOKUP($B61,Evening_Shift!$B$4:$BJ$62,MATCH(Both_Shift_Roster!S$2,Evening_Shift!$B$2:$BJ$2,0),0),""),IFERROR(VLOOKUP($B61,Morning_Shift!$B$4:$BJ$61,MATCH(Both_Shift_Roster!S$2,Morning_Shift!$B$2:$BJ$2,0),0),"")) -> 7:00-14:30 | T61: =IF(IFERROR(VLOOKUP($B61,Morning_Shift!$B$4:$BJ$61,MATCH(Both_Shift_Roster!T$2,Morning_Shift!$B$2:$BJ$2,0),0),"")="",IFERROR(VLOOKUP($B61,Evening_Shift!$B$4:$BJ$62,MATCH(Both_Shift_Roster!T$2,Evening_Shift!$B$2:$BJ$2,0),0),""),IFERROR(VLOOKUP($B61,Morning_Shift!$B$4:$BJ$61,MATCH(Both_Shift_Roster!T$2,Morning_Shift!$B$2:$BJ$2,0),0),"")) -> 7:00-14:30 | U61: =IF(IFERROR(VLOOKUP($B61,Morning_Shift!$B$4:$BJ$61,MATCH(Both_Shift_Roster!U$2,Morning_Shift!$B$2:$BJ$2,0),0),"")="",IFERROR(VLOOKUP($B61,Evening_Shift!$B$4:$BJ$62,MATCH(Both_Shift_Roster!U$2,Evening_Shift!$B$2:$BJ$2,0),0),""),IFERROR(VLOOKUP($B61,Morning_Shift!$B$4:$BJ$61,MATCH(Both_Shift_Roster!U$2,Morning_Shift!$B$2:$BJ$2,0),0),"")) | V61: =IF(IFERROR(VLOOKUP($B61,Morning_Shift!$B$4:$BJ$61,MATCH(Both_Shift_Roster!V$2,Morning_Shift!$B$2:$BJ$2,0),0),"")="",IFERROR(VLOOKUP($B61,Evening_Shift!$B$4:$BJ$62,MATCH(Both_Shift_Roster!V$2,Evening_Shift!$B$2:$BJ$2,0),0),""),IFERROR(VLOOKUP($B61,Morning_Shift!$B$4:$BJ$61,MATCH(Both_Shift_Roster!V$2,Morning_Shift!$B$2:$BJ$2,0),0),"")) -> 7:00-14:30 | W61: =IF(IFERROR(VLOOKUP($B61,Morning_Shift!$B$4:$BJ$61,MATCH(Both_Shift_Roster!W$2,Morning_Shift!$B$2:$BJ$2,0),0),"")="",IFERROR(VLOOKUP($B61,Evening_Shift!$B$4:$BJ$62,MATCH(Both_Shift_Roster!W$2,Evening_Shift!$B$2:$BJ$2,0),0),""),IFERROR(VLOOKUP($B61,Morning_Shift!$B$4:$BJ$61,MATCH(Both_Shift_Roster!W$2,Morning_Shift!$B$2:$BJ$2,0),0),"")) -> 7:00-14:30 | X61: =IF(IFERROR(VLOOKUP($B61,Morning_Shift!$B$4:$BJ$61,MATCH(Both_Shift_Roster!X$2,Morning_Shift!$B$2:$BJ$2,0),0),"")="",IFERROR(VLOOKUP($B61,Evening_Shift!$B$4:$BJ$62,MATCH(Both_Shift_Roster!X$2,Evening_Shift!$B$2:$BJ$2,0),0),""),IFERROR(VLOOKUP($B61,Morning_Shift!$B$4:$BJ$61,MATCH(Both_Shift_Roster!X$2,Morning_Shift!$B$2:$BJ$2,0),0),"")) -> 7:00-14:30 | Y61: =IF(IFERROR(VLOOKUP($B61,Morning_Shift!$B$4:$BJ$61,MATCH(Both_Shift_Roster!Y$2,Morning_Shift!$B$2:$BJ$2,0),0),"")="",IFERROR(VLOOKUP($B61,Evening_Shift!$B$4:$BJ$62,MATCH(Both_Shift_Roster!Y$2,Evening_Shift!$B$2:$BJ$2,0),0),""),IFERROR(VLOOKUP($B61,Morning_Shift!$B$4:$BJ$61,MATCH(Both_Shift_Roster!Y$2,Morning_Shift!$B$2:$BJ$2,0),0),"")) -> 7:00-14:30 | Z61: =COUNTIF($S61:$Y61,"Agent Choice WO") -> 0 | AA61: =COUNTIF($S61:$Y61,"TL Choice WO") -> 0 | AB61: =COUNTIF($S61:$Y61,"CL") -> 0 | AC61: =COUNTIF($S61:$Y61,"HD") -> 0 | AD61: =COUNTIF($S61:$Y61,"LP") -> 0 | AE61: =IF(IFERROR(VLOOKUP($B61,Morning_Shift!$B$4:$BJ$61,MATCH(Both_Shift_Roster!AE$2,Morning_Shift!$B$2:$BJ$2,0),0),"")="",IFERROR(VLOOKUP($B61,Evening_Shift!$B$4:$BJ$62,MATCH(Both_Shift_Roster!AE$2,Evening_Shift!$B$2:$BJ$2,0),0),""),IFERROR(VLOOKUP($B61,Morning_Shift!$B$4:$BJ$61,MATCH(Both_Shift_Roster!AE$2,Morning_Shift!$B$2:$BJ$2,0),0),"")) -> 7:00-14:30 | AF61: =IF(IFERROR(VLOOKUP($B61,Morning_Shift!$B$4:$BJ$61,MATCH(Both_Shift_Roster!AF$2,Morning_Shift!$B$2:$BJ$2,0),0),"")="",IFERROR(VLOOKUP($B61,Evening_Shift!$B$4:$BJ$62,MATCH(Both_Shift_Roster!AF$2,Evening_Shift!$B$2:$BJ$2,0),0),""),IFERROR(VLOOKUP($B61,Morning_Shift!$B$4:$BJ$61,MATCH(Both_Shift_Roster!AF$2,Morning_Shift!$B$2:$BJ$2,0),0),"")) -> 7:00-14:30 | AG61: =IF(IFERROR(VLOOKUP($B61,Morning_Shift!$B$4:$BJ$61,MATCH(Both_Shift_Roster!AG$2,Morning_Shift!$B$2:$BJ$2,0),0),"")="",IFERROR(VLOOKUP($B61,Evening_Shift!$B$4:$BJ$62,MATCH(Both_Shift_Roster!AG$2,Evening_Shift!$B$2:$BJ$2,0),0),""),IFERROR(VLOOKUP($B61,Morning_Shift!$B$4:$BJ$61,MATCH(Both_Shift_Roster!AG$2,Morning_Shift!$B$2:$BJ$2,0),0),"")) -> 7:00-14:30 | AH61: =IF(IFERROR(VLOOKUP($B61,Morning_Shift!$B$4:$BJ$61,MATCH(Both_Shift_Roster!AH$2,Morning_Shift!$B$2:$BJ$2,0),0),"")="",IFERROR(VLOOKUP($B61,Evening_Shift!$B$4:$BJ$62,MATCH(Both_Shift_Roster!AH$2,Evening_Shift!$B$2:$BJ$2,0),0),""),IFERROR(VLOOKUP($B61,Morning_Shift!$B$4:$BJ$61,MATCH(Both_Shift_Roster!AH$2,Morning_Shift!$B$2:$BJ$2,0),0),"")) -> 7:00-14:30 | AI61: =IF(IFERROR(VLOOKUP($B61,Morning_Shift!$B$4:$BJ$61,MATCH(Both_Shift_Roster!AI$2,Morning_Shift!$B$2:$BJ$2,0),0),"")="",IFERROR(VLOOKUP($B61,Evening_Shift!$B$4:$BJ$62,MATCH(Both_Shift_Roster!AI$2,Evening_Shift!$B$2:$BJ$2,0),0),""),IFERROR(VLOOKUP($B61,Morning_Shift!$B$4:$BJ$61,MATCH(Both_Shift_Roster!AI$2,Morning_Shift!$B$2:$BJ$2,0),0),"")) -> 7:00-14:30 | AJ61: =IF(IFERROR(VLOOKUP($B61,Morning_Shift!$B$4:$BJ$61,MATCH(Both_Shift_Roster!AJ$2,Morning_Shift!$B$2:$BJ$2,0),0),"")="",IFERROR(VLOOKUP($B61,Evening_Shift!$B$4:$BJ$62,MATCH(Both_Shift_Roster!AJ$2,Evening_Shift!$B$2:$BJ$2,0),0),""),IFERROR(VLOOKUP($B61,Morning_Shift!$B$4:$BJ$61,MATCH(Both_Shift_Roster!AJ$2,Morning_Shift!$B$2:$BJ$2,0),0),"")) -> Agent Choice WO | AK61: =IF(IFERROR(VLOOKUP($B61,Morning_Shift!$B$4:$BJ$61,MATCH(Both_Shift_Roster!AK$2,Morning_Shift!$B$2:$BJ$2,0),0),"")="",IFERROR(VLOOKUP($B61,Evening_Shift!$B$4:$BJ$62,MATCH(Both_Shift_Roster!AK$2,Evening_Shift!$B$2:$BJ$2,0),0),""),IFERROR(VLOOKUP($B61,Morning_Shift!$B$4:$BJ$61,MATCH(Both_Shift_Roster!AK$2,Morning_Shift!$B$2:$BJ$2,0),0),"")) -> 7:00-14:30 | AL61: =COUNTIF($AE61:$AK61,"Agent Choice WO") -> 1 | AM61: =COUNTIF($AE61:$AK61,"TL Choice WO") -> 0 | AN61: =COUNTIF($AE61:$AK61,"CL") -> 0 | AO61: =COUNTIF($AE61:$AK61,"HD") -> 0 | AP61: =COUNTIF($AE61:$AK61,"LP") -> 0 | AQ61: =IF(IFERROR(VLOOKUP($B61,Morning_Shift!$B$4:$BJ$61,MATCH(Both_Shift_Roster!AQ$2,Morning_Shift!$B$2:$BJ$2,0),0),"")="",IFERROR(VLOOKUP($B61,Evening_Shift!$B$4:$BJ$62,MATCH(Both_Shift_Roster!AQ$2,Evening_Shift!$B$2:$BJ$2,0),0),""),IFERROR(VLOOKUP($B61,Morning_Shift!$B$4:$BJ$61,MATCH(Both_Shift_Roster!AQ$2,Morning_Shift!$B$2:$BJ$2,0),0),"")) -> 7:00-14:30 | AR61: =IF(IFERROR(VLOOKUP($B61,Morning_Shift!$B$4:$BJ$61,MATCH(Both_Shift_Roster!AR$2,Morning_Shift!$B$2:$BJ$2,0),0),"")="",IFERROR(VLOOKUP($B61,Evening_Shift!$B$4:$BJ$62,MATCH(Both_Shift_Roster!AR$2,Evening_Shift!$B$2:$BJ$2,0),0),""),IFERROR(VLOOKUP($B61,Morning_Shift!$B$4:$BJ$61,MATCH(Both_Shift_Roster!AR$2,Morning_Shift!$B$2:$BJ$2,0),0),"")) -> 7:00-14:30 | AS61: =IF(IFERROR(VLOOKUP($B61,Morning_Shift!$B$4:$BJ$61,MATCH(Both_Shift_Roster!AS$2,Morning_Shift!$B$2:$BJ$2,0),0),"")="",IFERROR(VLOOKUP($B61,Evening_Shift!$B$4:$BJ$62,MATCH(Both_Shift_Roster!AS$2,Evening_Shift!$B$2:$BJ$2,0),0),""),IFERROR(VLOOKUP($B61,Morning_Shift!$B$4:$BJ$61,MATCH(Both_Shift_Roster!AS$2,Morning_Shift!$B$2:$BJ$2,0),0),"")) -> 7:00-14:30 | AT61: =IF(IFERROR(VLOOKUP($B61,Morning_Shift!$B$4:$BJ$61,MATCH(Both_Shift_Roster!AT$2,Morning_Shift!$B$2:$BJ$2,0),0),"")="",IFERROR(VLOOKUP($B61,Evening_Shift!$B$4:$BJ$62,MATCH(Both_Shift_Roster!AT$2,Evening_Shift!$B$2:$BJ$2,0),0),""),IFERROR(VLOOKUP($B61,Morning_Shift!$B$4:$BJ$61,MATCH(Both_Shift_Roster!AT$2,Morning_Shift!$B$2:$BJ$2,0),0),"")) -> Agent Choice WO | AU61: =IF(IFERROR(VLOOKUP($B61,Morning_Shift!$B$4:$BJ$61,MATCH(Both_Shift_Roster!AU$2,Morning_Shift!$B$2:$BJ$2,0),0),"")="",IFERROR(VLOOKUP($B61,Evening_Shift!$B$4:$BJ$62,MATCH(Both_Shift_Roster!AU$2,Evening_Shift!$B$2:$BJ$2,0),0),""),IFERROR(VLOOKUP($B61,Morning_Shift!$B$4:$BJ$61,MATCH(Both_Shift_Roster!AU$2,Morning_Shift!$B$2:$BJ$2,0),0),"")) -> 7:00-14:30 | AV61: =IF(IFERROR(VLOOKUP($B61,Morning_Shift!$B$4:$BJ$61,MATCH(Both_Shift_Roster!AV$2,Morning_Shift!$B$2:$BJ$2,0),0),"")="",IFERROR(VLOOKUP($B61,Evening_Shift!$B$4:$BJ$62,MATCH(Both_Shift_Roster!AV$2,Evening_Shift!$B$2:$BJ$2,0),0),""),IFERROR(VLOOKUP($B61,Morning_Shift!$B$4:$BJ$61,MATCH(Both_Shift_Roster!AV$2,Morning_Shift!$B$2:$BJ$2,0),0),"")) -> 7:00-14:30 | AW61: =IF(IFERROR(VLOOKUP($B61,Morning_Shift!$B$4:$BJ$61,MATCH(Both_Shift_Roster!AW$2,Morning_Shift!$B$2:$BJ$2,0),0),"")="",IFERROR(VLOOKUP($B61,Evening_Shift!$B$4:$BJ$62,MATCH(Both_Shift_Roster!AW$2,Evening_Shift!$B$2:$BJ$2,0),0),""),IFERROR(VLOOKUP($B61,Morning_Shift!$B$4:$BJ$61,MATCH(Both_Shift_Roster!AW$2,Morning_Shift!$B$2:$BJ$2,0),0),"")) -> 7:00-14:30 | AX61: =COUNTIF($AQ61:$AW61,"Agent Choice WO") -> 1 | AY61: =COUNTIF($AQ61:$AW61,"TL Choice WO") -> 0 | AZ61: =COUNTIF($AQ61:$AW61,"CL") -> 0 | BA61: =COUNTIF($AQ61:$AW61,"HD") -> 0 | BB61: =COUNTIF($AQ61:$AW61,"LP") -> 0 | BC61: =IF(IFERROR(VLOOKUP($B61,Morning_Shift!$B$4:$BJ$61,MATCH(Both_Shift_Roster!BC$2,Morning_Shift!$B$2:$BJ$2,0),0),"")="",IFERROR(VLOOKUP($B61,Evening_Shift!$B$4:$BJ$62,MATCH(Both_Shift_Roster!BC$2,Evening_Shift!$B$2:$BJ$2,0),0),""),IFERROR(VLOOKUP($B61,Morning_Shift!$B$4:$BJ$61,MATCH(Both_Shift_Roster!BC$2,Morning_Shift!$B$2:$BJ$2,0),0),"")) -> 7:00-14:30 | BD61: =IF(IFERROR(VLOOKUP($B61,Morning_Shift!$B$4:$BJ$61,MATCH(Both_Shift_Roster!BD$2,Morning_Shift!$B$2:$BJ$2,0),0),"")="",IFERROR(VLOOKUP($B61,Evening_Shift!$B$4:$BJ$62,MATCH(Both_Shift_Roster!BD$2,Evening_Shift!$B$2:$BJ$2,0),0),""),IFERROR(VLOOKUP($B61,Morning_Shift!$B$4:$BJ$61,MATCH(Both_Shift_Roster!BD$2,Morning_Shift!$B$2:$BJ$2,0),0),"")) -> 7:00-14:30 | BE61: =IF(IFERROR(VLOOKUP($B61,Morning_Shift!$B$4:$BJ$61,MATCH(Both_Shift_Roster!BE$2,Morning_Shift!$B$2:$BJ$2,0),0),"")="",IFERROR(VLOOKUP($B61,Evening_Shift!$B$4:$BJ$59,MATCH(Both_Shift_Roster!BE$2,Evening_Shift!$B$2:$BJ$2,0),0),""),IFERROR(VLOOKUP($B61,Morning_Shift!$B$4:$BJ$61,MATCH(Both_Shift_Roster!BE$2,Morning_Shift!$B$2:$BJ$2,0),0),"")) -> 7:00-14:30 | BF61: =COUNTIF($BC61:$BE61,"Agent Choice WO") -> 0 | BG61: =COUNTIF($BC61:$BE61,"TL Choice WO") -> 0 | BH61: =COUNTIF($BC61:$BE61,"CL") -> 0 | BI61: =COUNTIF($BC61:$BE61,"HD") -> 0 | BJ61: =COUNTIF($BC61:$BE61,"LP") -> 0
A62: =A61+1 -> 59 | B62: =Evening_Shift!$B4 -> Dritm11 | C62: =IF(IFERROR(VLOOKUP(B62,Morning_Shift!B:C,2,0),"")="",IFERROR(VLOOKUP(B62,Evening_Shift!B:C,2,0),""),IFERROR(VLOOKUP(B62,Morning_Shift!B:C,2,0),"")) -> Hiteshwar Sharma | D62: =IF(IFERROR(VLOOKUP(B62,Morning_Shift!B:D,3,0),"")="",IFERROR(VLOOKUP(B62,Evening_Shift!B:D,3,0),""),IFERROR(VLOOKUP(B62,Morning_Shift!B:D,3,0),"")) -> Sanjesh | E62: =IF(IFERROR(VLOOKUP(B62,Morning_Shift!B:E,4,0),"")="",IFERROR(VLOOKUP(B62,Evening_Shift!B:E,4,0),""),IFERROR(VLOOKUP(B62,Morning_Shift!B:E,4,0),"")) -> M | F62: =IF(IFERROR(VLOOKUP(B62,Morning_Shift!B:F,5,0),"")="",IFERROR(VLOOKUP(B62,Evening_Shift!B:F,5,0),""),IFERROR(VLOOKUP(B62,Morning_Shift!B:F,5,0),"")) -> Inbound | G62: =IF(IFERROR(VLOOKUP($B62,Morning_Shift!$B$4:$BJ$61,MATCH(Both_Shift_Roster!G$2,Morning_Shift!$B$2:$BJ$2,0),0),"")="",IFERROR(VLOOKUP($B62,Evening_Shift!$B$4:$BJ$62,MATCH(Both_Shift_Roster!G$2,Evening_Shift!$B$2:$BJ$2,0),0),""),IFERROR(VLOOKUP($B62,Morning_Shift!$B$4:$BJ$61,MATCH(Both_Shift_Roster!G$2,Morning_Shift!$B$2:$BJ$2,0),0),"")) -> 14:30-22:00 | H62: =IF(IFERROR(VLOOKUP($B62,Morning_Shift!$B$4:$BJ$61,MATCH(Both_Shift_Roster!H$2,Morning_Shift!$B$2:$BJ$2,0),0),"")="",IFERROR(VLOOKUP($B62,Evening_Shift!$B$4:$BJ$62,MATCH(Both_Shift_Roster!H$2,Evening_Shift!$B$2:$BJ$2,0),0),""),IFERROR(VLOOKUP($B62,Morning_Shift!$B$4:$BJ$61,MATCH(Both_Shift_Roster!H$2,Morning_Shift!$B$2:$BJ$2,0),0),"")) -> 14:30-22:00 | I62: =IF(IFERROR(VLOOKUP($B62,Morning_Shift!$B$4:$BJ$61,MATCH(Both_Shift_Roster!I$2,Morning_Shift!$B$2:$BJ$2,0),0),"")="",IFERROR(VLOOKUP($B62,Evening_Shift!$B$4:$BJ$62,MATCH(Both_Shift_Roster!I$2,Evening_Shift!$B$2:$BJ$2,0),0),""),IFERROR(VLOOKUP($B62,Morning_Shift!$B$4:$BJ$61,MATCH(Both_Shift_Roster!I$2,Morning_Shift!$B$2:$BJ$2,0),0),"")) -> 14:30-22:00 | J62: =IF(IFERROR(VLOOKUP($B62,Morning_Shift!$B$4:$BJ$61,MATCH(Both_Shift_Roster!J$2,Morning_Shift!$B$2:$BJ$2,0),0),"")="",IFERROR(VLOOKUP($B62,Evening_Shift!$B$4:$BJ$62,MATCH(Both_Shift_Roster!J$2,Evening_Shift!$B$2:$BJ$2,0),0),""),IFERROR(VLOOKUP($B62,Morning_Shift!$B$4:$BJ$61,MATCH(Both_Shift_Roster!J$2,Morning_Shift!$B$2:$BJ$2,0),0),"")) -> 14:30-22:00 | K62: =IF(IFERROR(VLOOKUP($B62,Morning_Shift!$B$4:$BJ$61,MATCH(Both_Shift_Roster!K$2,Morning_Shift!$B$2:$BJ$2,0),0),"")="",IFERROR(VLOOKUP($B62,Evening_Shift!$B$4:$BJ$62,MATCH(Both_Shift_Roster!K$2,Evening_Shift!$B$2:$BJ$2,0),0),""),IFERROR(VLOOKUP($B62,Morning_Shift!$B$4:$BJ$61,MATCH(Both_Shift_Roster!K$2,Morning_Shift!$B$2:$BJ$2,0),0),"")) -> 14:30-22:00 | L62: =IF(IFERROR(VLOOKUP($B62,Morning_Shift!$B$4:$BJ$61,MATCH(Both_Shift_Roster!L$2,Morning_Shift!$B$2:$BJ$2,0),0),"")="",IFERROR(VLOOKUP($B62,Evening_Shift!$B$4:$BJ$62,MATCH(Both_Shift_Roster!L$2,Evening_Shift!$B$2:$BJ$2,0),0),""),IFERROR(VLOOKUP($B62,Morning_Shift!$B$4:$BJ$61,MATCH(Both_Shift_Roster!L$2,Morning_Shift!$B$2:$BJ$2,0),0),"")) -> 14:30-22:00 | M62: =IF(IFERROR(VLOOKUP($B62,Morning_Shift!$B$4:$BJ$61,MATCH(Both_Shift_Roster!M$2,Morning_Shift!$B$2:$BJ$2,0),0),"")="",IFERROR(VLOOKUP($B62,Evening_Shift!$B$4:$BJ$62,MATCH(Both_Shift_Roster!M$2,Evening_Shift!$B$2:$BJ$2,0),0),""),IFERROR(VLOOKUP($B62,Morning_Shift!$B$4:$BJ$61,MATCH(Both_Shift_Roster!M$2,Morning_Shift!$B$2:$BJ$2,0),0),"")) -> 14:30-22:00 | N62: =COUNTIF($G62:$M62,"Agent Choice WO") -> 0 | O62: =COUNTIF($G62:$M62,"TL Choice WO") -> 0 | P62: =COUNTIF($G62:$M62,"CL") -> 0 | Q62: =COUNTIF($G62:$M62,"HD") -> 0 | R62: =COUNTIF($G62:$M62,"LP") -> 0 | S62: =IF(IFERROR(VLOOKUP($B62,Morning_Shift!$B$4:$BJ$61,MATCH(Both_Shift_Roster!S$2,Morning_Shift!$B$2:$BJ$2,0),0),"")="",IFERROR(VLOOKUP($B62,Evening_Shift!$B$4:$BJ$62,MATCH(Both_Shift_Roster!S$2,Evening_Shift!$B$2:$BJ$2,0),0),""),IFERROR(VLOOKUP($B62,Morning_Shift!$B$4:$BJ$61,MATCH(Both_Shift_Roster!S$2,Morning_Shift!$B$2:$BJ$2,0),0),"")) -> 14:30-22:00 | T62: =IF(IFERROR(VLOOKUP($B62,Morning_Shift!$B$4:$BJ$61,MATCH(Both_Shift_Roster!T$2,Morning_Shift!$B$2:$BJ$2,0),0),"")="",IFERROR(VLOOKUP($B62,Evening_Shift!$B$4:$BJ$62,MATCH(Both_Shift_Roster!T$2,Evening_Shift!$B$2:$BJ$2,0),0),""),IFERROR(VLOOKUP($B62,Morning_Shift!$B$4:$BJ$61,MATCH(Both_Shift_Roster!T$2,Morning_Shift!$B$2:$BJ$2,0),0),"")) -> 14:30-22:00 | U62: =IF(IFERROR(VLOOKUP($B62,Morning_Shift!$B$4:$BJ$61,MATCH(Both_Shift_Roster!U$2,Morning_Shift!$B$2:$BJ$2,0),0),"")="",IFERROR(VLOOKUP($B62,Evening_Shift!$B$4:$BJ$62,MATCH(Both_Shift_Roster!U$2,Evening_Shift!$B$2:$BJ$2,0),0),""),IFERROR(VLOOKUP($B62,Morning_Shift!$B$4:$BJ$61,MATCH(Both_Shift_Roster!U$2,Morning_Shift!$B$2:$BJ$2,0),0),"")) -> 14:30-22:00 | V62: =IF(IFERROR(VLOOKUP($B62,Morning_Shift!$B$4:$BJ$61,MATCH(Both_Shift_Roster!V$2,Morning_Shift!$B$2:$BJ$2,0),0),"")="",IFERROR(VLOOKUP($B62,Evening_Shift!$B$4:$BJ$62,MATCH(Both_Shift_Roster!V$2,Evening_Shift!$B$2:$BJ$2,0),0),""),IFERROR(VLOOKUP($B62,Morning_Shift!$B$4:$BJ$61,MATCH(Both_Shift_Roster!V$2,Morning_Shift!$B$2:$BJ$2,0),0),"")) -> 14:30-22:00 | W62: =IF(IFERROR(VLOOKUP($B62,Morning_Shift!$B$4:$BJ$61,MATCH(Both_Shift_Roster!W$2,Morning_Shift!$B$2:$BJ$2,0),0),"")="",IFERROR(VLOOKUP($B62,Evening_Shift!$B$4:$BJ$62,MATCH(Both_Shift_Roster!W$2,Evening_Shift!$B$2:$BJ$2,0),0),""),IFERROR(VLOOKUP($B62,Morning_Shift!$B$4:$BJ$61,MATCH(Both_Shift_Roster!W$2,Morning_Shift!$B$2:$BJ$2,0),0),"")) -> 14:30-22:00 | X62: =IF(IFERROR(VLOOKUP($B62,Morning_Shift!$B$4:$BJ$61,MATCH(Both_Shift_Roster!X$2,Morning_Shift!$B$2:$BJ$2,0),0),"")="",IFERROR(VLOOKUP($B62,Evening_Shift!$B$4:$BJ$62,MATCH(Both_Shift_Roster!X$2,Evening_Shift!$B$2:$BJ$2,0),0),""),IFERROR(VLOOKUP($B62,Morning_Shift!$B$4:$BJ$61,MATCH(Both_Shift_Roster!X$2,Morning_Shift!$B$2:$BJ$2,0),0),"")) -> 14:30-22:00 | Y62: =IF(IFERROR(VLOOKUP($B62,Morning_Shift!$B$4:$BJ$61,MATCH(Both_Shift_Roster!Y$2,Morning_Shift!$B$2:$BJ$2,0),0),"")="",IFERROR(VLOOKUP($B62,Evening_Shift!$B$4:$BJ$62,MATCH(Both_Shift_Roster!Y$2,Evening_Shift!$B$2:$BJ$2,0),0),""),IFERROR(VLOOKUP($B62,Morning_Shift!$B$4:$BJ$61,MATCH(Both_Shift_Roster!Y$2,Morning_Shift!$B$2:$BJ$2,0),0),"")) -> 14:30-22:00 | Z62: =COUNTIF($S62:$Y62,"Agent Choice WO") -> 0 | AA62: =COUNTIF($S62:$Y62,"TL Choice WO") -> 0 | AB62: =COUNTIF($S62:$Y62,"CL") -> 0 | AC62: =COUNTIF($S62:$Y62,"HD") -> 0 | AD62: =COUNTIF($S62:$Y62,"LP") -> 0 | AE62: =IF(IFERROR(VLOOKUP($B62,Morning_Shift!$B$4:$BJ$61,MATCH(Both_Shift_Roster!AE$2,Morning_Shift!$B$2:$BJ$2,0),0),"")="",IFERROR(VLOOKUP($B62,Evening_Shift!$B$4:$BJ$62,MATCH(Both_Shift_Roster!AE$2,Evening_Shift!$B$2:$BJ$2,0),0),""),IFERROR(VLOOKUP($B62,Morning_Shift!$B$4:$BJ$61,MATCH(Both_Shift_Roster!AE$2,Morning_Shift!$B$2:$BJ$2,0),0),"")) -> 14:30-22:00 | AF62: =IF(IFERROR(VLOOKUP($B62,Morning_Shift!$B$4:$BJ$61,MATCH(Both_Shift_Roster!AF$2,Morning_Shift!$B$2:$BJ$2,0),0),"")="",IFERROR(VLOOKUP($B62,Evening_Shift!$B$4:$BJ$62,MATCH(Both_Shift_Roster!AF$2,Evening_Shift!$B$2:$BJ$2,0),0),""),IFERROR(VLOOKUP($B62,Morning_Shift!$B$4:$BJ$61,MATCH(Both_Shift_Roster!AF$2,Morning_Shift!$B$2:$BJ$2,0),0),"")) -> 14:30-22:00 | AG62: =IF(IFERROR(VLOOKUP($B62,Morning_Shift!$B$4:$BJ$61,MATCH(Both_Shift_Roster!AG$2,Morning_Shift!$B$2:$BJ$2,0),0),"")="",IFERROR(VLOOKUP($B62,Evening_Shift!$B$4:$BJ$62,MATCH(Both_Shift_Roster!AG$2,Evening_Shift!$B$2:$BJ$2,0),0),""),IFERROR(VLOOKUP($B62,Morning_Shift!$B$4:$BJ$61,MATCH(Both_Shift_Roster!AG$2,Morning_Shift!$B$2:$BJ$2,0),0),"")) -> 14:30-22:00 | AH62: =IF(IFERROR(VLOOKUP($B62,Morning_Shift!$B$4:$BJ$61,MATCH(Both_Shift_Roster!AH$2,Morning_Shift!$B$2:$BJ$2,0),0),"")="",IFERROR(VLOOKUP($B62,Evening_Shift!$B$4:$BJ$62,MATCH(Both_Shift_Roster!AH$2,Evening_Shift!$B$2:$BJ$2,0),0),""),IFERROR(VLOOKUP($B62,Morning_Shift!$B$4:$BJ$61,MATCH(Both_Shift_Roster!AH$2,Morning_Shift!$B$2:$BJ$2,0),0),"")) -> 14:30-22:00 | AI62: =IF(IFERROR(VLOOKUP($B62,Morning_Shift!$B$4:$BJ$61,MATCH(Both_Shift_Roster!AI$2,Morning_Shift!$B$2:$BJ$2,0),0),"")="",IFERROR(VLOOKUP($B62,Evening_Shift!$B$4:$BJ$62,MATCH(Both_Shift_Roster!AI$2,Evening_Shift!$B$2:$BJ$2,0),0),""),IFERROR(VLOOKUP($B62,Morning_Shift!$B$4:$BJ$61,MATCH(Both_Shift_Roster!AI$2,Morning_Shift!$B$2:$BJ$2,0),0),"")) -> 14:30-22:00 | AJ62: =IF(IFERROR(VLOOKUP($B62,Morning_Shift!$B$4:$BJ$61,MATCH(Both_Shift_Roster!AJ$2,Morning_Shift!$B$2:$BJ$2,0),0),"")="",IFERROR(VLOOKUP($B62,Evening_Shift!$B$4:$BJ$62,MATCH(Both_Shift_Roster!AJ$2,Evening_Shift!$B$2:$BJ$2,0),0),""),IFERROR(VLOOKUP($B62,Morning_Shift!$B$4:$BJ$61,MATCH(Both_Shift_Roster!AJ$2,Morning_Shift!$B$2:$BJ$2,0),0),"")) -> 14:30-22:00 | AK62: =IF(IFERROR(VLOOKUP($B62,Morning_Shift!$B$4:$BJ$61,MATCH(Both_Shift_Roster!AK$2,Morning_Shift!$B$2:$BJ$2,0),0),"")="",IFERROR(VLOOKUP($B62,Evening_Shift!$B$4:$BJ$62,MATCH(Both_Shift_Roster!AK$2,Evening_Shift!$B$2:$BJ$2,0),0),""),IFERROR(VLOOKUP($B62,Morning_Shift!$B$4:$BJ$61,MATCH(Both_Shift_Roster!AK$2,Morning_Shift!$B$2:$BJ$2,0),0),"")) -> 14:30-22:00 | AL62: =COUNTIF($AE62:$AK62,"Agent Choice WO") -> 0 | AM62: =COUNTIF($AE62:$AK62,"TL Choice WO") -> 0 | AN62: =COUNTIF($AE62:$AK62,"CL") -> 0 | AO62: =COUNTIF($AE62:$AK62,"HD") -> 0 | AP62: =COUNTIF($AE62:$AK62,"LP") -> 0 | AQ62: =IF(IFERROR(VLOOKUP($B62,Morning_Shift!$B$4:$BJ$61,MATCH(Both_Shift_Roster!AQ$2,Morning_Shift!$B$2:$BJ$2,0),0),"")="",IFERROR(VLOOKUP($B62,Evening_Shift!$B$4:$BJ$62,MATCH(Both_Shift_Roster!AQ$2,Evening_Shift!$B$2:$BJ$2,0),0),""),IFERROR(VLOOKUP($B62,Morning_Shift!$B$4:$BJ$61,MATCH(Both_Shift_Roster!AQ$2,Morning_Shift!$B$2:$BJ$2,0),0),"")) -> 14:30-22:00 | AR62: =IF(IFERROR(VLOOKUP($B62,Morning_Shift!$B$4:$BJ$61,MATCH(Both_Shift_Roster!AR$2,Morning_Shift!$B$2:$BJ$2,0),0),"")="",IFERROR(VLOOKUP($B62,Evening_Shift!$B$4:$BJ$62,MATCH(Both_Shift_Roster!AR$2,Evening_Shift!$B$2:$BJ$2,0),0),""),IFERROR(VLOOKUP($B62,Morning_Shift!$B$4:$BJ$61,MATCH(Both_Shift_Roster!AR$2,Morning_Shift!$B$2:$BJ$2,0),0),"")) -> 14:30-22:00 | AS62: =IF(IFERROR(VLOOKUP($B62,Morning_Shift!$B$4:$BJ$61,MATCH(Both_Shift_Roster!AS$2,Morning_Shift!$B$2:$BJ$2,0),0),"")="",IFERROR(VLOOKUP($B62,Evening_Shift!$B$4:$BJ$62,MATCH(Both_Shift_Roster!AS$2,Evening_Shift!$B$2:$BJ$2,0),0),""),IFERROR(VLOOKUP($B62,Morning_Shift!$B$4:$BJ$61,MATCH(Both_Shift_Roster!AS$2,Morning_Shift!$B$2:$BJ$2,0),0),"")) -> 14:30-22:00 | AT62: =IF(IFERROR(VLOOKUP($B62,Morning_Shift!$B$4:$BJ$61,MATCH(Both_Shift_Roster!AT$2,Morning_Shift!$B$2:$BJ$2,0),0),"")="",IFERROR(VLOOKUP($B62,Evening_Shift!$B$4:$BJ$62,MATCH(Both_Shift_Roster!AT$2,Evening_Shift!$B$2:$BJ$2,0),0),""),IFERROR(VLOOKUP($B62,Morning_Shift!$B$4:$BJ$61,MATCH(Both_Shift_Roster!AT$2,Morning_Shift!$B$2:$BJ$2,0),0),"")) -> 14:30-22:00 | AU62: =IF(IFERROR(VLOOKUP($B62,Morning_Shift!$B$4:$BJ$61,MATCH(Both_Shift_Roster!AU$2,Morning_Shift!$B$2:$BJ$2,0),0),"")="",IFERROR(VLOOKUP($B62,Evening_Shift!$B$4:$BJ$62,MATCH(Both_Shift_Roster!AU$2,Evening_Shift!$B$2:$BJ$2,0),0),""),IFERROR(VLOOKUP($B62,Morning_Shift!$B$4:$BJ$61,MATCH(Both_Shift_Roster!AU$2,Morning_Shift!$B$2:$BJ$2,0),0),"")) -> 14:30-22:00 | AV62: =IF(IFERROR(VLOOKUP($B62,Morning_Shift!$B$4:$BJ$61,MATCH(Both_Shift_Roster!AV$2,Morning_Shift!$B$2:$BJ$2,0),0),"")="",IFERROR(VLOOKUP($B62,Evening_Shift!$B$4:$BJ$62,MATCH(Both_Shift_Roster!AV$2,Evening_Shift!$B$2:$BJ$2,0),0),""),IFERROR(VLOOKUP($B62,Morning_Shift!$B$4:$BJ$61,MATCH(Both_Shift_Roster!AV$2,Morning_Shift!$B$2:$BJ$2,0),0),"")) -> 14:30-22:00 | AW62: =IF(IFERROR(VLOOKUP($B62,Morning_Shift!$B$4:$BJ$61,MATCH(Both_Shift_Roster!AW$2,Morning_Shift!$B$2:$BJ$2,0),0),"")="",IFERROR(VLOOKUP($B62,Evening_Shift!$B$4:$BJ$62,MATCH(Both_Shift_Roster!AW$2,Evening_Shift!$B$2:$BJ$2,0),0),""),IFERROR(VLOOKUP($B62,Morning_Shift!$B$4:$BJ$61,MATCH(Both_Shift_Roster!AW$2,Morning_Shift!$B$2:$BJ$2,0),0),"")) -> Agent Choice WO | AX62: =COUNTIF($AQ62:$AW62,"Agent Choice WO") -> 1 | AY62: =COUNTIF($AQ62:$AW62,"TL Choice WO") -> 0 | AZ62: =COUNTIF($AQ62:$AW62,"CL") -> 0 | BA62: =COUNTIF($AQ62:$AW62,"HD") -> 0 | BB62: =COUNTIF($AQ62:$AW62,"LP") -> 0 | BC62: =IF(IFERROR(VLOOKUP($B62,Morning_Shift!$B$4:$BJ$61,MATCH(Both_Shift_Roster!BC$2,Morning_Shift!$B$2:$BJ$2,0),0),"")="",IFERROR(VLOOKUP($B62,Evening_Shift!$B$4:$BJ$62,MATCH(Both_Shift_Roster!BC$2,Evening_Shift!$B$2:$BJ$2,0),0),""),IFERROR(VLOOKUP($B62,Morning_Shift!$B$4:$BJ$61,MATCH(Both_Shift_Roster!BC$2,Morning_Shift!$B$2:$BJ$2,0),0),"")) -> Agent Choice WO | BD62: =IF(IFERROR(VLOOKUP($B62,Morning_Shift!$B$4:$BJ$61,MATCH(Both_Shift_Roster!BD$2,Morning_Shift!$B$2:$BJ$2,0),0),"")="",IFERROR(VLOOKUP($B62,Evening_Shift!$B$4:$BJ$62,MATCH(Both_Shift_Roster!BD$2,Evening_Shift!$B$2:$BJ$2,0),0),""),IFERROR(VLOOKUP($B62,Morning_Shift!$B$4:$BJ$61,MATCH(Both_Shift_Roster!BD$2,Morning_Shift!$B$2:$BJ$2,0),0),"")) -> Agent Choice WO | BE62: =IF(IFERROR(VLOOKUP($B62,Morning_Shift!$B$4:$BJ$61,MATCH(Both_Shift_Roster!BE$2,Morning_Shift!$B$2:$BJ$2,0),0),"")="",IFERROR(VLOOKUP($B62,Evening_Shift!$B$4:$BJ$59,MATCH(Both_Shift_Roster!BE$2,Evening_Shift!$B$2:$BJ$2,0),0),""),IFERROR(VLOOKUP($B62,Morning_Shift!$B$4:$BJ$61,MATCH(Both_Shift_Roster!BE$2,Morning_Shift!$B$2:$BJ$2,0),0),"")) -> 14:30-22:00 | BF62: =COUNTIF($BC62:$BE62,"Agent Choice WO") -> 2 | BG62: =COUNTIF($BC62:$BE62,"TL Choice WO") -> 0 | BH62: =COUNTIF($BC62:$BE62,"CL") -> 0 | BI62: =COUNTIF($BC62:$BE62,"HD") -> 0 | BJ62: =COUNTIF($BC62:$BE62,"LP") -> 0
